InvoiceNo,StockCode,Description,Quantity,InvoiceDate,UnitPrice,CustomerID,Country
536632,84029E,RED WOOLLY HOTTIE WHITE HEART,12,01/17/2011 17:39,23.14,18277.0,United Kingdom
536671,48187,DOORMAT NEW ENGLAND,16,09/05/2011 16:08,11.86,14861.0,United Kingdom
536752,22960,JAM MAKING SET PRINTED,2,04/11/2011 09:31,16.14,18302.0,United Kingdom
537201,23204,GYMKHANA TREASURE BOOK BOX,20,10/04/2011 15:48,7.05,13883.0,United Kingdom
C536402,20726,LUNCH BAG WOODLAND,-6,06/11/2011 12:08,1.65,13014.0,Germany
536419,22310,IVORY KNITTED MUG COSY,9,04/12/2011 19:00,13.86,12378.0,United Kingdom
537187,22623,BOX OF VINTAGE JIGSAW BLOCKS,6,05/09/2011 14:55,11.98,12500.0,United Kingdom
536812,22749,FELTCRAFT PRINCESS CHARLOTTE DOLL,11,06/27/2011 15:06,5.32,12575.0,Netherlands
537029,23204,GYMKHANA TREASURE BOOK BOX,9,06/10/2011 17:52,13.17,16144.0,United Kingdom
536858,22960,JAM MAKING SET PRINTED,15,11/30/2011 19:55,17.5,17387.0,United Kingdom
536998,85123A,WHITE HANGING HEART T-LIGHT HOLDER,12,08/10/2011 10:46,5.79,16051.0,United Kingdom
537017,22632,HAND WARMER RED POLKA DOT,4,08/27/2011 14:12,8.53,14114.0,United Kingdom
536452,21777,RECIPE BOX WITH METAL HEART,9,04/19/2011 13:48,14.9,18304.0,Germany
537057,22961,JAM MAKING SET WITH JARS,7,09/25/2011 07:22,20.35,12777.0,United Kingdom
537191,22622,BOX OF VINTAGE ALPHABET BLOCKS,19,08/21/2011 18:02,18.87,12500.0,United Kingdom
536767,22961,JAM MAKING SET WITH JARS,3,04/28/2011 09:04,3.38,18107.0,United Kingdom
536392,22960,JAM MAKING SET PRINTED,11,04/30/2011 15:16,11.1,15891.0,United Kingdom
536623,23298,SPOTTY BUNTING,10,08/15/2011 06:22,17.38,12423.0,United Kingdom
536897,84029G,KNITTED UNION FLAG HOT WATER BOTTLE,11,08/20/2011 06:27,11.01,17214.0,United Kingdom
536677,22748,POPPY'S PLAYHOUSE KITCHEN,7,01/23/2011 14:30,22.35,12793.0,United Kingdom
536423,84879,ASSORTED COLOUR BIRD ORNAMENT,15,07/10/2011 13:55,13.6,12378.0,United Kingdom
536503,20726,LUNCH BAG WOODLAND,10,07/02/2011 15:03,18.13,14808.0,United Kingdom
537008,84969,BOX OF 6 ASSORTED COLOUR TEASPOONS,3,05/15/2011 15:49,6.18,12413.0,United Kingdom
537182,21755,LOVE BUILDING BLOCK WORD,18,01/14/2011 15:27,18.63,12500.0,United Kingdom
536707,22749,FELTCRAFT PRINCESS CHARLOTTE DOLL,5,11/15/2011 16:14,7.98,12224.0,United Kingdom
536481,23204,GYMKHANA TREASURE BOOK BOX,20,06/06/2011 11:53,16.06,13978.0,France
536802,23299,FOOD COVER WITH BEADS SET 2,3,08/22/2011 16:58,13.0,17992.0,EIRE
536403,22623,BOX OF VINTAGE JIGSAW BLOCKS,7,06/11/2011 09:41,20.96,13014.0,Germany
536470,23203,JUMBO BAG DOILEY PATTERNS,15,03/04/2011 11:17,22.32,13182.0,United Kingdom
537234,20725,LUNCH BAG RED RETROSPOT,4,07/01/2011 09:40,18.66,16117.0,United Kingdom
537124,22139,RETROSPOT TEA SET CERAMIC 11 PC,8,02/19/2011 16:49,16.9,16137.0,United Kingdom
536896,21754,HOME BUILDING BLOCK WORD,7,08/11/2011 14:46,21.17,17214.0,United Kingdom
536376,22745,POPPY'S PLAYHOUSE BEDROOM,9,09/05/2011 19:04,13.34,18180.0,United Kingdom
537028,22745,POPPY'S PLAYHOUSE BEDROOM,14,05/19/2011 13:34,9.1,16144.0,United Kingdom
537034,22622,BOX OF VINTAGE ALPHABET BLOCKS,10,06/21/2011 12:58,20.95,17767.0,United Kingdom
536554,23203,JUMBO BAG DOILEY PATTERNS,19,10/22/2011 14:20,15.95,14381.0,United Kingdom
537006,21754,HOME BUILDING BLOCK WORD,5,03/22/2011 19:04,2.63,12413.0,United Kingdom
536964,21730,GLASS STAR FROSTED T-LIGHT HOLDER,12,08/22/2011 06:23,24.27,17013.0,United Kingdom
536860,22960,JAM MAKING SET PRINTED,6,03/19/2011 13:19,4.7,14319.0,United Kingdom
537134,85099B,JUMBO BAG RED RETROSPOT,13,07/05/2011 16:36,7.55,14043.0,United Kingdom
C536953,22749,FELTCRAFT PRINCESS CHARLOTTE DOLL,-1,11/13/2011 12:46,24.56,16595.0,United Kingdom
536729,22748,POPPY'S PLAYHOUSE KITCHEN,4,04/21/2011 07:31,9.58,15380.0,United Kingdom
536541,84406B,CREAM CUPID HEARTS COAT HANGER,15,11/28/2011 14:52,13.79,13899.0,United Kingdom
536766,71053,WHITE METAL LANTERN,16,03/26/2011 08:31,22.63,,United Kingdom
537078,84879,ASSORTED COLOUR BIRD ORNAMENT,20,07/15/2011 17:31,21.96,17011.0,United Kingdom
536926,21212,PACK OF 72 RETROSPOT CAKE CASES,15,01/17/2011 09:11,9.84,13292.0,United Kingdom
536928,22752,SET 7 BABUSHKA NESTING BOXES,18,05/02/2011 13:24,16.5,13292.0,United Kingdom
536798,22752,SET 7 BABUSHKA NESTING BOXES,1,04/29/2011 18:24,10.44,17992.0,EIRE
536751,21754,HOME BUILDING BLOCK WORD,9,02/01/2011 10:08,21.42,18302.0,United Kingdom
536526,21777,RECIPE BOX WITH METAL HEART,16,02/25/2011 10:26,19.58,12907.0,United Kingdom
536549,21730,GLASS STAR FROSTED T-LIGHT HOLDER,5,04/12/2011 16:10,18.84,14381.0,United Kingdom
537122,21212,PACK OF 72 RETROSPOT CAKE CASES,15,10/11/2011 19:52,13.17,12204.0,United Kingdom
536521,84406B,CREAM CUPID HEARTS COAT HANGER,6,10/01/2011 13:17,23.16,15977.0,Germany
537256,23298,SPOTTY BUNTING,16,09/12/2011 18:34,13.53,17224.0,Spain
536890,21755,love building block word,2,07/11/2011 11:53,4.37,12916.0,United Kingdom
536943,21777,RECIPE BOX WITH METAL HEART,15,07/09/2011 17:27,7.35,17300.0,United Kingdom
536494,84406B,CREAM CUPID HEARTS COAT HANGER,6,07/19/2011 08:26,10.65,15411.0,United Kingdom
536925,20726,LUNCH BAG WOODLAND,9,06/27/2011 16:30,5.36,17020.0,United Kingdom
537208,21212,PACK OF 72 RETROSPOT CAKE CASES,13,08/20/2011 06:20,8.39,13048.0,United Kingdom
537030,22749,FELTCRAFT PRINCESS CHARLOTTE DOLL,14,06/11/2011 09:47,17.47,16144.0,United Kingdom
537085,22623,BOX OF VINTAGE JIGSAW BLOCKS,4,10/17/2011 19:25,22.45,15210.0,United Kingdom
536684,22745,POPPY'S PLAYHOUSE BEDROOM,3,11/23/2011 09:36,13.42,12793.0,United Kingdom
536744,22960,JAM MAKING SET PRINTED,4,09/29/2011 06:45,21.5,15554.0,Germany
537103,22139,RETROSPOT TEA SET CERAMIC 11 PC,15,07/11/2011 10:54,18.67,12165.0,United Kingdom
536598,22139,RETROSPOT TEA SET CERAMIC 11 PC,17,02/06/2011 07:30,7.72,15949.0,United Kingdom
536799,20726,LUNCH BAG WOODLAND,8,06/15/2011 19:37,1.08,17992.0,EIRE
536661,85099C,JUMBO BAG BAROQUE BLACK WHITE,6,04/29/2011 19:17,24.52,16448.0,United Kingdom
537276,84879,ASSORTED COLOUR BIRD ORNAMENT,10,02/01/2011 11:29,12.8,15506.0,United Kingdom
536498,22623,BOX OF VINTAGE JIGSAW BLOCKS,1,10/27/2011 07:11,6.8,15411.0,United Kingdom
536928,22633,HAND WARMER UNION JACK,5,05/02/2011 13:24,8.43,13292.0,United Kingdom
537022,21755,LOVE BUILDING BLOCK WORD,13,10/04/2011 10:30,10.43,16742.0,United Kingdom
536481,85099C,JUMBO BAG BAROQUE BLACK WHITE,18,06/06/2011 11:53,7.51,13978.0,France
537041,84029E,RED WOOLLY HOTTIE WHITE HEART,7,03/23/2011 19:13,17.25,15069.0,United Kingdom
536845,85123A,WHITE HANGING HEART T-LIGHT HOLDER,17,02/05/2011 15:57,19.19,13764.0,France
537067,85099C,JUMBO BAG BAROQUE BLACK WHITE,9,11/29/2011 10:42,9.34,16945.0,United Kingdom
536401,23203,JUMBO BAG DOILEY PATTERNS,6,06/03/2011 09:31,21.0,13014.0,Germany
536395,23203,JUMBO BAG DOILEY PATTERNS,18,08/25/2011 16:47,20.83,15891.0,United Kingdom
537102,22961,JAM MAKING SET WITH JARS,9,06/30/2011 18:22,20.25,12165.0,United Kingdom
537112,20725,LUNCH BAG RED RETROSPOT,14,11/23/2011 09:29,9.28,12701.0,United Kingdom
536698,22752,SET 7 BABUSHKA NESTING BOXES,13,04/27/2011 15:47,12.7,12224.0,United Kingdom
536531,23298,SPOTTY BUNTING,5,01/07/2011 13:49,8.86,13899.0,United Kingdom
537082,23299,FOOD COVER WITH BEADS SET 2,13,08/23/2011 06:10,12.98,15210.0,United Kingdom
536973,22139,RETROSPOT TEA SET CERAMIC 11 PC,8,07/24/2011 06:06,9.69,12481.0,United Kingdom
537004,21755,LOVE BUILDING BLOCK WORD,12,01/04/2011 12:43,2.29,12413.0,United Kingdom
536809,23204,GYMKHANA TREASURE BOOK BOX,4,02/09/2011 16:06,19.06,12575.0,Netherlands
537217,84406B,CREAM CUPID HEARTS COAT HANGER,5,02/25/2011 14:38,13.64,17253.0,United Kingdom
536865,23204,GYMKHANA TREASURE BOOK BOX,12,07/27/2011 10:32,15.83,14319.0,United Kingdom
536749,22961,JAM MAKING SET WITH JARS,18,10/16/2011 07:09,19.48,13202.0,United Kingdom
536442,85099B,JUMBO BAG RED RETROSPOT,3,06/27/2011 16:56,2.65,16602.0,EIRE
536633,22960,JAM MAKING SET PRINTED,7,01/28/2011 12:50,10.52,18277.0,United Kingdom
536466,84029G,KNITTED UNION FLAG HOT WATER BOTTLE,8,08/09/2011 12:07,10.7,13380.0,United Kingdom
536918,85123A,WHITE HANGING HEART T-LIGHT HOLDER,16,04/07/2011 19:17,16.43,17020.0,United Kingdom
C536656,23203,JUMBO BAG DOILEY PATTERNS,-19,08/13/2011 07:17,5.32,12635.0,United Kingdom
536590,23204,GYMKHANA TREASURE BOOK BOX,16,11/10/2011 07:12,19.01,15851.0,United Kingdom
536569,20726,LUNCH BAG WOODLAND,2,10/01/2011 07:02,4.53,17104.0,United Kingdom
536717,21777,RECIPE BOX WITH METAL HEART,15,01/19/2011 19:09,7.49,16306.0,France
536530,22138,BAKING SET 9 PIECE RETROSPOT,18,09/12/2011 13:37,14.96,12907.0,United Kingdom
536467,22960,JAM MAKING SET PRINTED,8,10/03/2011 06:39,14.39,13380.0,United Kingdom
536713,84406B,CREAM CUPID HEARTS COAT HANGER,8,06/19/2011 15:34,13.12,13682.0,United Kingdom
536509,22748,POPPY'S PLAYHOUSE KITCHEN,14,04/07/2011 14:14,14.03,13893.0,United Kingdom
536513,48187,DOORMAT NEW ENGLAND,10,10/06/2011 16:35,9.74,13893.0,United Kingdom
537061,21754,HOME BUILDING BLOCK WORD,17,04/08/2011 12:12,15.29,16636.0,United Kingdom
536731,23299,FOOD COVER WITH BEADS SET 2,4,07/17/2011 19:33,0.52,15380.0,United Kingdom
537055,22633,HAND WARMER UNION JACK,5,05/10/2011 10:44,8.24,12777.0,United Kingdom
537017,48187,DOORMAT NEW ENGLAND,13,08/27/2011 14:12,18.18,14114.0,United Kingdom
536659,23203,JUMBO BAG DOILEY PATTERNS,11,03/30/2011 17:14,2.28,16448.0,United Kingdom
536856,20725,LUNCH BAG RED RETROSPOT,16,09/03/2011 12:01,11.96,17387.0,United Kingdom
536723,22960,JAM MAKING SET PRINTED,5,09/08/2011 10:27,15.46,16306.0,France
536961,84029G,KNITTED UNION FLAG HOT WATER BOTTLE,6,11/19/2011 07:17,0.0,16739.0,United Kingdom
536802,22748,POPPY'S PLAYHOUSE KITCHEN,4,08/22/2011 16:58,15.08,17992.0,EIRE
536416,21777,RECIPE BOX WITH METAL HEART,20,08/11/2011 07:34,18.75,13014.0,United Kingdom
537042,85123A,WHITE HANGING HEART T-LIGHT HOLDER,6,05/17/2011 16:58,16.57,15069.0,United Kingdom
536446,84029G,KNITTED UNION FLAG HOT WATER BOTTLE,3,05/03/2011 13:21,7.08,12134.0,United Kingdom
537091,23298,SPOTTY BUNTING,10,04/11/2011 10:04,10.19,15398.0,Germany
536389,22623,BOX OF VINTAGE JIGSAW BLOCKS,9,03/16/2011 19:26,4.32,15891.0,United Kingdom
536707,22961,JAM MAKING SET WITH JARS,15,11/15/2011 16:14,13.69,12224.0,United Kingdom
536583,84969,BOX OF 6 ASSORTED COLOUR TEASPOONS,18,04/02/2011 15:03,1.91,15343.0,United Kingdom
536593,21777,RECIPE BOX WITH METAL HEART,9,06/08/2011 06:30,10.79,12302.0,United Kingdom
537258,84879,ASSORTED COLOUR BIRD ORNAMENT,3,09/26/2011 11:30,17.12,17224.0,Spain
537065,21755,LOVE BUILDING BLOCK WORD,8,07/21/2011 13:07,13.28,16945.0,United Kingdom
536795,22138,BAKING SET 9 PIECE RETROSPOT,13,01/17/2011 16:42,4.04,17992.0,EIRE
536570,20725,LUNCH BAG RED RETROSPOT,5,11/16/2011 10:17,1.27,17104.0,United Kingdom
536569,21212,PACK OF 72 RETROSPOT CAKE CASES,13,10/01/2011 07:02,12.57,17104.0,United Kingdom
536610,22632,HAND WARMER RED POLKA DOT,16,04/20/2011 19:43,22.95,13108.0,United Kingdom
536981,84879,ASSORTED COLOUR BIRD ORNAMENT,14,07/01/2011 11:00,3.45,14330.0,United Kingdom
537216,21755,LOVE BUILDING BLOCK WORD,1,11/30/2011 08:41,15.69,18043.0,United Kingdom
536481,21777,RECIPE BOX WITH METAL HEART,16,06/06/2011 11:53,6.41,13978.0,France
537018,84406B,CREAM CUPID HEARTS COAT HANGER,10,10/10/2011 19:54,4.37,14114.0,United Kingdom
536488,23298,SPOTTY BUNTING,18,11/30/2011 08:20,12.41,13978.0,France
536588,85099C,JUMBO BAG BAROQUE BLACK WHITE,19,10/14/2011 10:24,15.33,15851.0,United Kingdom
536416,21755,LOVE BUILDING BLOCK WORD,15,08/11/2011 07:34,3.46,13014.0,United Kingdom
537277,POST,WHITE METAL LANTERN,20,05/10/2011 09:21,18.06,15506.0,United Kingdom
536793,23298,SPOTTY BUNTING,11,11/16/2011 06:47,16.26,15886.0,United Kingdom
537109,22138,,2,07/10/2011 12:04,7.54,12701.0,United Kingdom
536438,71053,WHITE METAL LANTERN,5,11/27/2011 09:37,0.78,15907.0,United Kingdom
C536657,22752,SET 7 BABUSHKA NESTING BOXES,-18,08/25/2011 07:58,7.38,12635.0,United Kingdom
536466,23298,SPOTTY BUNTING,19,08/09/2011 12:07,6.34,13380.0,United Kingdom
536683,85099C,JUMBO BAG BAROQUE BLACK WHITE,15,10/17/2011 18:06,14.1,12793.0,United Kingdom
536859,22752,SET 7 BABUSHKA NESTING BOXES,16,02/17/2011 19:43,3.58,14319.0,United Kingdom
536842,22622,BOX OF VINTAGE ALPHABET BLOCKS,17,08/01/2011 11:59,8.08,14526.0,United Kingdom
537031,85123A,WHITE HANGING HEART T-LIGHT HOLDER,12,08/10/2011 12:13,20.34,16144.0,United Kingdom
536852,22752,SET 7 BABUSHKA NESTING BOXES,17,07/02/2011 11:16,0.82,17387.0,United Kingdom
536553,22752,SET 7 BABUSHKA NESTING BOXES,17,08/31/2011 14:18,22.96,14381.0,United Kingdom
536694,21754,HOME BUILDING BLOCK WORD,18,05/23/2011 09:13,12.94,15219.0,United Kingdom
536577,22961,JAM MAKING SET WITH JARS,15,11/11/2011 17:04,0.7,13298.0,United Kingdom
536593,23299,FOOD COVER WITH BEADS SET 2,20,06/08/2011 06:30,10.14,12302.0,United Kingdom
536812,23203,JUMBO BAG DOILEY PATTERNS,16,06/27/2011 15:06,12.94,12575.0,Netherlands
537252,22961,JAM MAKING SET WITH JARS,18,05/03/2011 14:11,9.08,17224.0,Spain
537268,21755,LOVE BUILDING BLOCK WORD,2,03/05/2011 13:39,13.33,17802.0,United Kingdom
536556,84029E,RED WOOLLY HOTTIE WHITE HEART,16,02/02/2011 10:45,11.56,14964.0,France
536485,22138,BAKING SET 9 PIECE RETROSPOT,2,09/22/2011 11:03,10.23,13978.0,France
536580,85099C,JUMBO BAG BAROQUE BLACK WHITE,5,01/29/2011 12:10,1.75,15343.0,United Kingdom
536936,85123A,WHITE HANGING HEART T-LIGHT HOLDER,8,02/05/2011 08:21,0.94,12036.0,United Kingdom
536693,22622,BOX OF VINTAGE ALPHABET BLOCKS,12,04/23/2011 11:38,23.96,15219.0,United Kingdom
536983,22749,FELTCRAFT PRINCESS CHARLOTTE DOLL,4,10/30/2011 16:53,5.06,14330.0,United Kingdom
537227,22310,IVORY KNITTED MUG COSY,10,10/25/2011 06:31,10.3,17253.0,United Kingdom
537053,85123A,WHITE HANGING HEART T-LIGHT HOLDER,2,05/03/2011 07:53,6.78,12777.0,United Kingdom
536631,20725,LUNCH BAG RED RETROSPOT,13,01/12/2011 14:04,11.02,18277.0,United Kingdom
C536402,22139,RETROSPOT TEA SET CERAMIC 11 PC,-11,06/11/2011 12:08,5.6,13014.0,Germany
537264,48187,DOORMAT NEW ENGLAND,13,08/30/2011 06:00,7.92,13213.0,United Kingdom
537272,22749,FELTCRAFT PRINCESS CHARLOTTE DOLL,16,10/29/2011 09:56,6.62,17802.0,United Kingdom
537009,22632,HAND WARMER RED POLKA DOT,4,02/22/2011 06:47,23.97,14021.0,Netherlands
536870,21777,RECIPE BOX WITH METAL HEART,17,05/01/2011 17:56,8.76,13826.0,United Kingdom
537235,22622,BOX OF VINTAGE ALPHABET BLOCKS,3,07/26/2011 11:21,19.56,16117.0,United Kingdom
536617,23204,GYMKHANA TREASURE BOOK BOX,2,02/06/2011 12:06,23.1,12423.0,United Kingdom
536849,21777,RECIPE BOX WITH METAL HEART,20,10/26/2011 18:58,3.63,13764.0,France
536742,84879,ASSORTED COLOUR BIRD ORNAMENT,15,06/09/2011 18:09,13.43,15554.0,Germany
536451,84879,ASSORTED COLOUR BIRD ORNAMENT,3,03/27/2011 09:06,4.76,18304.0,Germany
536808,21755,LOVE BUILDING BLOCK WORD,6,01/26/2011 15:04,22.49,12575.0,Netherlands
537190,22633,HAND WARMER UNION JACK,20,08/06/2011 07:50,16.26,12500.0,United Kingdom
536477,22749,FELTCRAFT PRINCESS CHARLOTTE DOLL,5,09/26/2011 10:54,6.22,13192.0,EIRE
536775,22139,RETROSPOT TEA SET CERAMIC 11 PC,12,11/27/2011 13:11,3.76,18107.0,United Kingdom
537027,22752,SET 7 BABUSHKA NESTING BOXES,14,05/16/2011 19:26,8.79,16144.0,United Kingdom
536547,21777,RECIPE BOX WITH METAL HEART,8,04/05/2011 10:10,10.93,14381.0,United Kingdom
536768,22138,BAKING SET 9 PIECE RETROSPOT,18,04/29/2011 08:44,4.46,18107.0,United Kingdom
536552,22748,POPPY'S PLAYHOUSE KITCHEN,16,07/06/2011 15:04,23.79,14381.0,United Kingdom
536469,84406B,CREAM CUPID HEARTS COAT HANGER,7,01/19/2011 13:40,22.1,13182.0,United Kingdom
536934,22749,FELTCRAFT PRINCESS CHARLOTTE DOLL,20,10/17/2011 08:46,5.49,13292.0,United Kingdom
537004,22961,JAM MAKING SET WITH JARS,4,01/04/2011 12:43,9.24,12413.0,United Kingdom
536638,71053,WHITE METAL LANTERN,19,09/12/2011 07:46,14.59,18277.0,United Kingdom
537137,22961,JAM MAKING SET WITH JARS,5,10/28/2011 17:53,1.31,14043.0,United Kingdom
536846,22961,JAM MAKING SET WITH JARS,1,02/15/2011 16:06,7.38,13764.0,France
536907,84029E,RED WOOLLY HOTTIE WHITE HEART,11,03/11/2011 09:50,5.06,18415.0,United Kingdom
C536581,85099B,JUMBO BAG RED RETROSPOT,-7,02/08/2011 10:52,2.79,15343.0,United Kingdom
536417,71053,WHITE METAL LANTERN,9,08/27/2011 12:17,14.53,13014.0,United Kingdom
536598,22749,FELTCRAFT PRINCESS CHARLOTTE DOLL,11,02/06/2011 07:30,10.44,15949.0,United Kingdom
537058,84879,ASSORTED COLOUR BIRD ORNAMENT,17,09/29/2011 17:29,3.01,12777.0,United Kingdom
536703,23299,FOOD COVER WITH BEADS SET 2,2,09/26/2011 13:39,6.67,12224.0,United Kingdom
537047,22960,JAM MAKING SET PRINTED,12,11/11/2011 07:38,22.4,15069.0,United Kingdom
536543,22632,HAND WARMER RED POLKA DOT,14,01/24/2011 19:06,22.91,14381.0,United Kingdom
537092,84406B,CREAM CUPID HEARTS COAT HANGER,11,05/12/2011 07:37,10.74,15398.0,Germany
536562,84029G,KNITTED UNION FLAG HOT WATER BOTTLE,14,03/27/2011 12:44,16.64,17104.0,United Kingdom
536865,22623,BOX OF VINTAGE JIGSAW BLOCKS,5,07/27/2011 10:32,18.86,14319.0,United Kingdom
536449,22960,JAM MAKING SET PRINTED,3,10/18/2011 09:32,10.14,12134.0,United Kingdom
536585,22752,SET 7 BABUSHKA NESTING BOXES,14,11/01/2011 09:51,5.36,15343.0,United Kingdom
537075,21755,LOVE BUILDING BLOCK WORD,2,04/16/2011 07:48,18.91,17011.0,United Kingdom
536956,84969,BOX OF 6 ASSORTED COLOUR TEASPOONS,9,06/17/2011 18:17,16.72,16739.0,United Kingdom
536650,21730,GLASS STAR FROSTED T-LIGHT HOLDER,14,08/25/2011 11:37,3.7,13980.0,United Kingdom
537026,84029G,KNITTED UNION FLAG HOT WATER BOTTLE,12,02/27/2011 09:20,19.75,16144.0,United Kingdom
536442,20726,LUNCH BAG WOODLAND,13,06/27/2011 16:56,10.6,16602.0,EIRE
536703,84029G,KNITTED UNION FLAG HOT WATER BOTTLE,10,09/26/2011 13:39,5.33,12224.0,United Kingdom
536997,22138,,11,03/29/2011 16:22,2.46,16051.0,United Kingdom
536623,48187,DOORMAT NEW ENGLAND,18,08/15/2011 06:22,1.74,12423.0,United Kingdom
537174,84406B,CREAM CUPID HEARTS COAT HANGER,20,06/07/2011 12:01,3.15,16911.0,United Kingdom
536482,48187,DOORMAT NEW ENGLAND,12,07/01/2011 10:29,24.3,13978.0,France
536810,21755,LOVE BUILDING BLOCK WORD,18,02/13/2011 18:23,18.1,12575.0,Netherlands
537113,22961,JAM MAKING SET WITH JARS,11,02/15/2011 18:18,3.31,12204.0,United Kingdom
537194,23298,SPOTTY BUNTING,17,02/16/2011 10:23,10.36,13883.0,United Kingdom
536541,21212,PACK OF 72 RETROSPOT CAKE CASES,4,11/28/2011 14:52,18.44,,United Kingdom
536416,84969,BOX OF 6 ASSORTED COLOUR TEASPOONS,5,08/11/2011 07:34,22.66,13014.0,United Kingdom
536913,23299,FOOD COVER WITH BEADS SET 2,16,08/08/2011 18:32,17.94,18415.0,United Kingdom
536660,84406B,CREAM CUPID HEARTS COAT HANGER,16,04/01/2011 09:31,9.51,16448.0,United Kingdom
C536618,23204,GYMKHANA TREASURE BOOK BOX,-20,05/04/2011 06:35,22.84,12423.0,United Kingdom
536718,22622,BOX OF VINTAGE ALPHABET BLOCKS,1,02/27/2011 09:00,11.65,16306.0,France
536804,23299,FOOD COVER WITH BEADS SET 2,18,10/02/2011 15:44,17.86,17992.0,EIRE
536528,23203,JUMBO BAG DOILEY PATTERNS,12,08/07/2011 10:47,3.21,12907.0,United Kingdom
537237,23298,SPOTTY BUNTING,7,12/05/2011 14:05,3.89,16117.0,United Kingdom
537126,22310,IVORY KNITTED MUG COSY,6,08/19/2011 09:00,1.37,16137.0,United Kingdom
536746,23298,SPOTTY BUNTING,14,03/09/2011 08:08,13.93,13202.0,United Kingdom
537007,85099C,JUMBO BAG BAROQUE BLACK WHITE,18,05/04/2011 15:50,13.49,12413.0,United Kingdom
536508,23203,JUMBO BAG DOILEY PATTERNS,15,03/29/2011 17:55,6.16,13893.0,United Kingdom
537106,84969,BOX OF 6 ASSORTED COLOUR TEASPOONS,4,04/01/2011 16:11,16.44,12701.0,United Kingdom
537173,85099C,JUMBO BAG BAROQUE BLACK WHITE,15,05/20/2011 17:55,9.41,16911.0,United Kingdom
537253,20725,LUNCH BAG RED RETROSPOT,2,06/22/2011 15:36,6.44,17224.0,Spain
536814,23299,,16,09/18/2011 10:39,19.83,12575.0,Netherlands
537066,21730,GLASS STAR FROSTED T-LIGHT HOLDER,10,07/24/2011 18:06,20.1,16945.0,United Kingdom
537212,23204,GYMKHANA TREASURE BOOK BOX,14,03/12/2011 17:59,10.12,18043.0,United Kingdom
537223,84029E,RED WOOLLY HOTTIE WHITE HEART,14,08/18/2011 10:53,23.58,17253.0,United Kingdom
C537219,22310,IVORY KNITTED MUG COSY,-13,04/25/2011 07:53,1.62,17253.0,United Kingdom
536735,21755,LOVE BUILDING BLOCK WORD,19,09/16/2011 08:45,6.41,15380.0,United Kingdom
537188,20726,LUNCH BAG WOODLAND,17,07/13/2011 18:11,16.12,12500.0,United Kingdom
537167,21212,PACK OF 72 RETROSPOT CAKE CASES,20,08/12/2011 17:55,10.06,14667.0,United Kingdom
C537224,22623,BOX OF VINTAGE JIGSAW BLOCKS,-6,08/21/2011 17:41,14.24,17253.0,United Kingdom
536929,21755,LOVE BUILDING BLOCK WORD,4,05/17/2011 08:53,13.51,13292.0,United Kingdom
536975,22139,RETROSPOT TEA SET CERAMIC 11 PC,19,08/30/2011 08:09,18.42,12481.0,United Kingdom
537069,23299,FOOD COVER WITH BEADS SET 2,10,03/28/2011 18:50,15.69,15648.0,United Kingdom
536487,84406B,CREAM CUPID HEARTS COAT HANGER,5,10/29/2011 15:07,17.89,13978.0,France
537267,20725,LUNCH BAG RED RETROSPOT,7,02/23/2011 16:20,7.59,17802.0,United Kingdom
536775,22749,FELTCRAFT PRINCESS CHARLOTTE DOLL,11,11/27/2011 13:11,3.53,18107.0,United Kingdom
537011,21777,RECIPE BOX WITH METAL HEART,16,10/20/2011 13:47,10.49,14021.0,Netherlands
537124,84406B,CREAM CUPID HEARTS COAT HANGER,14,02/19/2011 16:49,2.88,16137.0,United Kingdom
536759,POST,JUMBO BAG BAROQUE BLACK WHITE,4,05/16/2011 07:31,3.94,17038.0,United Kingdom
536734,85123A,WHITE HANGING HEART T-LIGHT HOLDER,20,08/31/2011 10:07,14.12,15380.0,United Kingdom
536515,22623,BOX OF VINTAGE JIGSAW BLOCKS,16,11/18/2011 06:36,13.9,13893.0,United Kingdom
537029,22632,HAND WARMER RED POLKA DOT,15,06/10/2011 17:52,16.06,16144.0,United Kingdom
536368,21755,LOVE BUILDING BLOCK WORD,3,04/07/2011 07:35,21.36,14435.0,United Kingdom
536584,84879,ASSORTED COLOUR BIRD ORNAMENT,4,04/30/2011 12:34,23.66,15343.0,United Kingdom
537236,21755,LOVE BUILDING BLOCK WORD,5,11/04/2011 13:53,21.8,16117.0,United Kingdom
537196,84029E,RED WOOLLY HOTTIE WHITE HEART,11,03/22/2011 16:10,5.92,13883.0,United Kingdom
537216,48187,DOORMAT NEW ENGLAND,14,11/30/2011 08:41,4.1,18043.0,United Kingdom
536772,22622,BOX OF VINTAGE ALPHABET BLOCKS,11,09/06/2011 16:13,15.52,18107.0,United Kingdom
537235,85099C,JUMBO BAG BAROQUE BLACK WHITE,18,07/26/2011 11:21,11.59,16117.0,United Kingdom
536606,22310,IVORY KNITTED MUG COSY,16,09/20/2011 14:31,8.51,,United Kingdom
536417,22748,POPPY'S PLAYHOUSE KITCHEN,16,08/27/2011 12:17,13.12,13014.0,United Kingdom
536810,21777,RECIPE BOX WITH METAL HEART,15,02/13/2011 18:23,5.95,12575.0,Netherlands
536671,D,HOME BUILDING BLOCK WORD,18,09/05/2011 16:08,11.31,14861.0,United Kingdom
536983,84406B,CREAM CUPID HEARTS COAT HANGER,5,10/30/2011 16:53,10.08,14330.0,United Kingdom
536573,48187,DOORMAT NEW ENGLAND,12,01/23/2011 11:59,22.79,13298.0,United Kingdom
536847,21755,LOVE BUILDING BLOCK WORD,11,03/02/2011 16:17,19.96,13764.0,France
537059,20726,LUNCH BAG WOODLAND,6,03/01/2011 13:56,6.95,16636.0,United Kingdom
537246,22139,RETROSPOT TEA SET CERAMIC 11 PC,2,08/07/2011 14:55,15.15,17664.0,United Kingdom
536628,22633,HAND WARMER UNION JACK,13,08/04/2011 06:07,6.7,18168.0,France
537057,84029E,RED WOOLLY HOTTIE WHITE HEART,16,09/25/2011 07:22,1.9,12777.0,United Kingdom
536821,85099B,JUMBO BAG RED RETROSPOT,14,08/24/2011 19:37,5.55,13274.0,United Kingdom
537057,23299,FOOD COVER WITH BEADS SET 2,17,09/25/2011 07:22,21.44,12777.0,United Kingdom
536628,22623,BOX OF VINTAGE JIGSAW BLOCKS,2,08/04/2011 06:07,17.13,18168.0,France
536763,22748,POPPY'S PLAYHOUSE KITCHEN,18,08/24/2011 16:12,1.38,17038.0,United Kingdom
537166,22138,BAKING SET 9 PIECE RETROSPOT,1,06/11/2011 14:54,12.11,14667.0,United Kingdom
536598,20726,LUNCH BAG WOODLAND,5,02/06/2011 07:30,8.17,15949.0,United Kingdom
536852,23203,JUMBO BAG DOILEY PATTERNS,2,07/02/2011 11:16,2.46,17387.0,United Kingdom
536437,22633,HAND WARMER UNION JACK,15,10/23/2011 16:22,2.66,15907.0,United Kingdom
537115,POST,WHITE METAL LANTERN,6,05/26/2011 17:06,24.65,12204.0,United Kingdom
536545,23203,JUMBO BAG DOILEY PATTERNS,7,03/15/2011 06:55,0.0,14381.0,United Kingdom
536557,21730,GLASS STAR FROSTED T-LIGHT HOLDER,19,04/19/2011 19:36,16.92,14964.0,France
536891,22961,JAM MAKING SET WITH JARS,9,09/27/2011 09:39,24.4,12916.0,United Kingdom
536977,85099C,JUMBO BAG BAROQUE BLACK WHITE,1,10/23/2011 07:10,23.97,12481.0,United Kingdom
537101,21212,PACK OF 72 RETROSPOT CAKE CASES,18,04/17/2011 12:19,1.7,12165.0,United Kingdom
536622,22745,POPPY'S PLAYHOUSE BEDROOM,10,08/07/2011 10:48,17.15,12423.0,United Kingdom
536940,85099C,JUMBO BAG BAROQUE BLACK WHITE,3,08/06/2011 11:21,23.77,12036.0,United Kingdom
536971,84879,ASSORTED COLOUR BIRD ORNAMENT,18,05/14/2011 12:04,5.41,12481.0,United Kingdom
536596,22749,FELTCRAFT PRINCESS CHARLOTTE DOLL,11,11/11/2011 12:24,18.21,12302.0,United Kingdom
537125,22749,FELTCRAFT PRINCESS CHARLOTTE DOLL,3,04/08/2011 13:52,23.7,16137.0,United Kingdom
536576,21755,LOVE BUILDING BLOCK WORD,5,10/08/2011 11:11,4.77,13298.0,United Kingdom
536856,22633,HAND WARMER UNION JACK,6,09/03/2011 12:01,22.51,17387.0,United Kingdom
536873,22752,SET 7 BABUSHKA NESTING BOXES,3,09/06/2011 19:26,1.94,13826.0,United Kingdom
536923,21777,RECIPE BOX WITH METAL HEART,3,06/06/2011 16:57,4.62,17020.0,United Kingdom
536765,84879,ASSORTED COLOUR BIRD ORNAMENT,19,01/09/2011 18:41,6.12,18107.0,United Kingdom
536889,20726,LUNCH BAG WOODLAND,20,04/17/2011 08:50,7.5,12916.0,United Kingdom
536969,23299,FOOD COVER WITH BEADS SET 2,10,04/15/2011 08:05,16.56,12481.0,United Kingdom
536522,84969,BOX OF 6 ASSORTED COLOUR TEASPOONS,3,10/10/2011 09:36,8.76,15977.0,Germany
536666,23204,GYMKHANA TREASURE BOOK BOX,4,03/11/2011 11:01,9.01,14861.0,United Kingdom
536559,23204,GYMKHANA TREASURE BOOK BOX,8,06/07/2011 14:51,8.3,14964.0,France
536521,21754,HOME BUILDING BLOCK WORD,18,10/01/2011 13:17,14.21,15977.0,Germany
536948,22749,FELTCRAFT PRINCESS CHARLOTTE DOLL,16,05/23/2011 12:44,4.87,16595.0,United Kingdom
536612,22139,RETROSPOT TEA SET CERAMIC 11 PC,5,09/12/2011 16:43,20.96,13108.0,United Kingdom
537271,21212,PACK OF 72 RETROSPOT CAKE CASES,19,10/09/2011 07:59,17.81,17802.0,United Kingdom
537105,71053,WHITE METAL LANTERN,15,11/09/2011 06:07,0.64,12165.0,United Kingdom
536855,22310,IVORY KNITTED MUG COSY,16,08/21/2011 16:44,16.3,17387.0,United Kingdom
536422,23204,,11,06/07/2011 08:24,23.29,12378.0,United Kingdom
536670,71053,WHITE METAL LANTERN,13,08/25/2011 14:03,13.25,14861.0,United Kingdom
536695,22623,BOX OF VINTAGE JIGSAW BLOCKS,8,08/15/2011 10:23,6.69,15219.0,United Kingdom
536461,22139,RETROSPOT TEA SET CERAMIC 11 PC,5,08/17/2011 08:38,4.39,17411.0,United Kingdom
537203,22748,POPPY'S PLAYHOUSE KITCHEN,7,10/22/2011 07:59,19.48,13883.0,United Kingdom
537179,22748,POPPY'S PLAYHOUSE KITCHEN,10,05/11/2011 17:49,7.1,13487.0,United Kingdom
536562,22138,BAKING SET 9 PIECE RETROSPOT,15,03/27/2011 12:44,24.28,17104.0,United Kingdom
537212,71053,WHITE METAL LANTERN,5,03/12/2011 17:59,3.34,18043.0,United Kingdom
537111,21755,LOVE BUILDING BLOCK WORD,8,11/04/2011 14:36,8.47,12701.0,United Kingdom
536686,22139,RETROSPOT TEA SET CERAMIC 11 PC,16,01/14/2011 15:41,13.29,15219.0,United Kingdom
536768,22745,POPPY'S PLAYHOUSE BEDROOM,1,04/29/2011 08:44,21.95,18107.0,United Kingdom
537047,84029E,RED WOOLLY HOTTIE WHITE HEART,15,11/11/2011 07:38,4.51,15069.0,United Kingdom
536632,20725,LUNCH BAG RED RETROSPOT,13,01/17/2011 17:39,10.09,18277.0,United Kingdom
536533,20726,LUNCH BAG WOODLAND,8,05/19/2011 07:01,0.0,13899.0,United Kingdom
536864,22633,HAND WARMER UNION JACK,7,05/01/2011 18:32,11.17,14319.0,United Kingdom
536567,22632,HAND WARMER RED POLKA DOT,4,09/24/2011 17:35,0.71,17104.0,United Kingdom
536571,21754,HOME BUILDING BLOCK WORD,13,11/30/2011 06:05,3.78,17104.0,United Kingdom
537036,23203,,2,08/12/2011 15:20,20.04,17767.0,United Kingdom
537039,22960,JAM MAKING SET PRINTED,6,02/27/2011 13:40,6.29,15069.0,United Kingdom
537117,85123A,WHITE HANGING HEART T-LIGHT HOLDER,19,07/05/2011 17:11,14.94,12204.0,United Kingdom
536548,22632,HAND WARMER RED POLKA DOT,5,04/09/2011 13:00,2.09,14381.0,United Kingdom
537014,22138,BAKING SET 9 PIECE RETROSPOT,14,01/30/2011 16:25,5.19,14114.0,United Kingdom
536513,22310,IVORY KNITTED MUG COSY,16,10/06/2011 16:35,5.53,13893.0,United Kingdom
536761,23298,SPOTTY BUNTING,16,07/03/2011 16:00,12.12,17038.0,United Kingdom
536750,21777,RECIPE BOX WITH METAL HEART,19,11/14/2011 13:36,6.8,13202.0,United Kingdom
537060,23298,SPOTTY BUNTING,11,03/09/2011 13:22,1.72,16636.0,United Kingdom
536568,22749,FELTCRAFT PRINCESS CHARLOTTE DOLL,15,09/27/2011 06:04,20.23,17104.0,United Kingdom
536761,22961,JAM MAKING SET WITH JARS,13,07/03/2011 16:00,14.49,17038.0,United Kingdom
537169,23204,GYMKHANA TREASURE BOOK BOX,6,11/10/2011 16:52,4.42,14667.0,United Kingdom
536998,21755,LOVE BUILDING BLOCK WORD,11,08/10/2011 10:46,24.54,16051.0,United Kingdom
536428,22623,BOX OF VINTAGE JIGSAW BLOCKS,16,03/04/2011 15:43,22.77,17630.0,United Kingdom
536965,22752,SET 7 BABUSHKA NESTING BOXES,15,12/06/2011 13:19,21.59,17013.0,United Kingdom
536820,84029E,RED WOOLLY HOTTIE WHITE HEART,18,08/21/2011 16:13,5.66,13274.0,United Kingdom
536572,22139,RETROSPOT TEA SET CERAMIC 11 PC,9,12/08/2011 14:20,4.82,17104.0,United Kingdom
536468,21730,GLASS STAR FROSTED T-LIGHT HOLDER,19,10/28/2011 06:40,18.42,13380.0,United Kingdom
536704,85099C,JUMBO BAG BAROQUE BLACK WHITE,20,10/19/2011 11:55,13.43,12224.0,United Kingdom
537146,84879,ASSORTED COLOUR BIRD ORNAMENT,5,10/22/2011 18:54,4.45,15306.0,United Kingdom
536413,21730,GLASS STAR FROSTED T-LIGHT HOLDER,7,06/19/2011 09:49,15.73,13014.0,United Kingdom
536624,22138,BAKING SET 9 PIECE RETROSPOT,19,09/04/2011 15:55,13.8,12423.0,United Kingdom
536627,21755,LOVE BUILDING BLOCK WORD,7,07/25/2011 14:34,23.68,18168.0,France
536398,23299,FOOD COVER WITH BEADS SET 2,16,02/14/2011 12:53,15.76,13014.0,Germany
536388,85123A,white hanging heart t-light holder,4,02/26/2011 12:35,2.26,15891.0,United Kingdom
536623,48187,DOORMAT NEW ENGLAND,18,08/15/2011 06:22,1.74,12423.0,United Kingdom
536481,84406B,CREAM CUPID HEARTS COAT HANGER,1,06/06/2011 11:53,2.41,13978.0,France
537252,23203,JUMBO BAG DOILEY PATTERNS,20,05/03/2011 14:11,17.45,17224.0,Spain
536919,23299,FOOD COVER WITH BEADS SET 2,19,04/28/2011 13:14,19.66,17020.0,United Kingdom
536929,71053,WHITE METAL LANTERN,20,05/17/2011 08:53,2.88,13292.0,United Kingdom
537051,23299,FOOD COVER WITH BEADS SET 2,2,03/06/2011 11:37,8.68,12777.0,United Kingdom
537235,21730,GLASS STAR FROSTED T-LIGHT HOLDER,11,07/26/2011 11:21,19.1,16117.0,United Kingdom
536620,22960,JAM MAKING SET PRINTED,5,06/06/2011 17:18,24.44,12423.0,United Kingdom
536672,22138,BAKING SET 9 PIECE RETROSPOT,14,09/12/2011 14:11,6.78,14861.0,United Kingdom
537252,22749,FELTCRAFT PRINCESS CHARLOTTE DOLL,3,05/03/2011 14:11,2.64,17224.0,Spain
536674,21754,HOME BUILDING BLOCK WORD,20,10/04/2011 09:33,12.46,14861.0,United Kingdom
537023,48187,DOORMAT NEW ENGLAND,12,10/26/2011 08:28,2.46,16742.0,United Kingdom
536975,21754,HOME BUILDING BLOCK WORD,14,08/30/2011 08:09,13.16,12481.0,United Kingdom
536375,85099C,JUMBO BAG BAROQUE BLACK WHITE,1,07/15/2011 14:38,3.16,18180.0,United Kingdom
536720,21777,RECIPE BOX WITH METAL HEART,11,04/28/2011 06:09,22.95,16306.0,France
536579,85099B,JUMBO BAG RED RETROSPOT,1,01/11/2011 11:38,10.98,15343.0,United Kingdom
536400,22139,RETROSPOT TEA SET CERAMIC 11 PC,14,04/22/2011 06:13,13.6,13014.0,Germany
537130,71053,WHITE METAL LANTERN,1,01/19/2011 11:08,20.06,14043.0,United Kingdom
536726,22749,FELTCRAFT PRINCESS CHARLOTTE DOLL,11,02/11/2011 19:11,20.83,14026.0,United Kingdom
536703,85123A,WHITE HANGING HEART T-LIGHT HOLDER,3,09/26/2011 13:39,9.93,12224.0,United Kingdom
536539,23204,GYMKHANA TREASURE BOOK BOX,15,08/22/2011 14:32,12.38,13899.0,United Kingdom
C536911,22138,BAKING SET 9 PIECE RETROSPOT,-6,07/17/2011 08:24,23.46,18415.0,United Kingdom
536994,23298,SPOTTY BUNTING,13,07/10/2011 08:28,14.19,17610.0,United Kingdom
536768,22623,BOX OF VINTAGE JIGSAW BLOCKS,19,04/29/2011 08:44,1.42,18107.0,United Kingdom
536872,21777,RECIPE BOX WITH METAL HEART,19,08/30/2011 07:28,18.46,13826.0,United Kingdom
536436,21754,HOME BUILDING BLOCK WORD,2,09/14/2011 16:06,17.32,15907.0,United Kingdom
536864,85099C,JUMBO BAG BAROQUE BLACK WHITE,4,05/01/2011 18:32,4.2,14319.0,United Kingdom
536526,85099C,JUMBO BAG BAROQUE BLACK WHITE,20,02/25/2011 10:26,15.52,12907.0,United Kingdom
536907,84406B,CREAM CUPID HEARTS COAT HANGER,16,03/11/2011 09:50,5.79,18415.0,United Kingdom
536868,84406B,CREAM CUPID HEARTS COAT HANGER,5,11/08/2011 12:49,22.51,14319.0,United Kingdom
536873,84029E,RED WOOLLY HOTTIE WHITE HEART,12,09/06/2011 19:26,16.99,13826.0,United Kingdom
536762,21777,RECIPE BOX WITH METAL HEART,13,07/03/2011 11:43,1.77,17038.0,United Kingdom
536485,85099B,JUMBO BAG RED RETROSPOT,10,09/22/2011 11:03,13.56,13978.0,France
C536558,22139,RETROSPOT TEA SET CERAMIC 11 PC,-5,05/31/2011 13:23,4.8,14964.0,France
536799,85123A,WHITE HANGING HEART T-LIGHT HOLDER,5,06/15/2011 19:37,6.85,17992.0,EIRE
537141,85099B,JUMBO BAG RED RETROSPOT,15,04/23/2011 16:13,5.58,15306.0,United Kingdom
536835,22748,POPPY'S PLAYHOUSE KITCHEN,13,07/21/2011 18:18,21.87,14115.0,United Kingdom
537115,22632,HAND WARMER RED POLKA DOT,17,05/26/2011 17:06,21.64,12204.0,United Kingdom
536529,22632,HAND WARMER RED POLKA DOT,10,09/02/2011 14:11,6.34,12907.0,United Kingdom
536633,84879,ASSORTED COLOUR BIRD ORNAMENT,4,01/28/2011 12:50,1.44,18277.0,United Kingdom
536441,48187,DOORMAT NEW ENGLAND,13,06/14/2011 15:40,24.77,16602.0,EIRE
537149,21777,RECIPE BOX WITH METAL HEART,11,05/12/2011 09:39,2.72,17899.0,United Kingdom
536868,22745,POPPY'S PLAYHOUSE BEDROOM,14,11/08/2011 12:49,1.92,14319.0,United Kingdom
536625,84029E,RED WOOLLY HOTTIE WHITE HEART,6,10/02/2011 09:18,23.98,12423.0,United Kingdom
536737,84969,BOX OF 6 ASSORTED COLOUR TEASPOONS,5,10/24/2011 07:59,21.5,15380.0,United Kingdom
536674,48187,DOORMAT NEW ENGLAND,1,10/04/2011 09:33,4.14,14861.0,United Kingdom
536772,20726,LUNCH BAG WOODLAND,2,09/06/2011 16:13,2.98,18107.0,United Kingdom
537192,85099C,JUMBO BAG BAROQUE BLACK WHITE,8,11/28/2011 10:06,18.95,12500.0,United Kingdom
536469,22749,FELTCRAFT PRINCESS CHARLOTTE DOLL,10,01/19/2011 13:40,9.16,13182.0,United Kingdom
536761,84406B,CREAM CUPID HEARTS COAT HANGER,13,07/03/2011 16:00,6.94,17038.0,United Kingdom
537095,21212,PACK OF 72 RETROSPOT CAKE CASES,14,10/07/2011 16:47,13.87,15398.0,Germany
536800,21755,LOVE BUILDING BLOCK WORD,14,08/01/2011 13:07,4.81,17992.0,EIRE
537101,22139,RETROSPOT TEA SET CERAMIC 11 PC,13,04/17/2011 12:19,11.29,12165.0,United Kingdom
537130,22138,BAKING SET 9 PIECE RETROSPOT,18,01/19/2011 11:08,5.28,14043.0,United Kingdom
537160,21755,LOVE BUILDING BLOCK WORD,7,10/15/2011 12:22,8.8,13620.0,United Kingdom
536727,20726,LUNCH BAG WOODLAND,14,04/27/2011 13:51,23.13,14026.0,United Kingdom
536986,84879,ASSORTED COLOUR BIRD ORNAMENT,8,04/04/2011 09:30,3.37,12753.0,EIRE
536874,84879,ASSORTED COLOUR BIRD ORNAMENT,17,10/12/2011 15:31,3.53,13826.0,United Kingdom
536508,21755,LOVE BUILDING BLOCK WORD,8,03/29/2011 17:55,20.39,13893.0,United Kingdom
536746,22632,HAND WARMER RED POLKA DOT,3,03/09/2011 08:08,3.78,13202.0,United Kingdom
536895,22748,POPPY'S PLAYHOUSE KITCHEN,3,06/15/2011 07:55,14.82,17214.0,United Kingdom
536646,85099B,JUMBO BAG RED RETROSPOT,16,11/05/2011 15:36,4.6,17255.0,United Kingdom
536723,85123A,WHITE HANGING HEART T-LIGHT HOLDER,4,09/08/2011 10:27,1.01,16306.0,France
537278,84029G,KNITTED UNION FLAG HOT WATER BOTTLE,13,06/01/2011 11:02,19.24,15506.0,United Kingdom
536374,21212,PACK OF 72 RETROSPOT CAKE CASES,6,05/20/2011 07:18,11.53,18180.0,United Kingdom
536609,DOT,KNITTED UNION FLAG HOT WATER BOTTLE,6,02/05/2011 18:26,2.96,13108.0,United Kingdom
536906,84029G,KNITTED UNION FLAG HOT WATER BOTTLE,14,03/10/2011 09:32,8.84,18415.0,United Kingdom
536999,22139,RETROSPOT TEA SET CERAMIC 11 PC,9,10/10/2011 07:46,21.72,16051.0,United Kingdom
536660,22749,FELTCRAFT PRINCESS CHARLOTTE DOLL,8,04/01/2011 09:31,18.42,16448.0,United Kingdom
537266,84879,ASSORTED COLOUR BIRD ORNAMENT,8,01/17/2011 14:53,23.93,17802.0,United Kingdom
536418,48187,DOORMAT NEW ENGLAND,4,09/30/2011 08:37,21.42,13014.0,United Kingdom
536620,48187,DOORMAT NEW ENGLAND,4,06/06/2011 17:18,19.04,12423.0,United Kingdom
537027,21777,RECIPE BOX WITH METAL HEART,6,05/16/2011 19:26,5.28,16144.0,United Kingdom
537250,22752,SET 7 BABUSHKA NESTING BOXES,13,02/03/2011 07:58,8.08,17224.0,Spain
536603,22633,HAND WARMER UNION JACK,12,04/28/2011 06:14,17.83,15949.0,United Kingdom
536593,85123A,WHITE HANGING HEART T-LIGHT HOLDER,8,06/08/2011 06:30,6.6,12302.0,United Kingdom
536484,21777,RECIPE BOX WITH METAL HEART,16,08/23/2011 12:15,0.99,13978.0,France
536955,71053,WHITE METAL LANTERN,6,05/02/2011 08:48,23.16,16739.0,United Kingdom
536504,85099B,JUMBO BAG RED RETROSPOT,2,07/25/2011 07:59,7.45,14808.0,United Kingdom
537100,71053,WHITE METAL LANTERN,16,02/14/2011 06:15,20.89,12165.0,United Kingdom
536574,71053,WHITE METAL LANTERN,17,03/19/2011 14:19,12.12,13298.0,United Kingdom
536366,71053,WHITE METAL LANTERN,18,01/12/2011 07:37,5.29,14435.0,United Kingdom
537046,22749,FELTCRAFT PRINCESS CHARLOTTE DOLL,9,10/15/2011 12:59,4.65,15069.0,United Kingdom
536717,22748,POPPY'S PLAYHOUSE KITCHEN,2,01/19/2011 19:09,10.69,16306.0,France
537274,22749,FELTCRAFT PRINCESS CHARLOTTE DOLL,3,11/25/2011 10:06,14.0,17802.0,United Kingdom
536405,22138,BAKING SET 9 PIECE RETROSPOT,3,07/12/2011 17:53,12.81,13014.0,Germany
536797,85099B,JUMBO BAG RED RETROSPOT,17,02/13/2011 18:28,24.57,17992.0,EIRE
536567,23203,JUMBO BAG DOILEY PATTERNS,12,09/24/2011 17:35,17.22,17104.0,United Kingdom
536727,20726,LUNCH BAG WOODLAND,18,04/27/2011 13:51,22.35,14026.0,United Kingdom
536560,23298,SPOTTY BUNTING,2,07/29/2011 11:17,4.81,14964.0,France
536719,22752,SET 7 BABUSHKA NESTING BOXES,20,03/03/2011 09:13,15.11,16306.0,France
537238,21212,PACK OF 72 RETROSPOT CAKE CASES,7,02/07/2011 08:34,7.24,17664.0,United Kingdom
C536657,23298,SPOTTY BUNTING,-4,08/25/2011 07:58,14.1,12635.0,United Kingdom
536974,21730,GLASS STAR FROSTED T-LIGHT HOLDER,2,08/27/2011 11:44,4.6,12481.0,United Kingdom
537267,23299,FOOD COVER WITH BEADS SET 2,19,02/23/2011 16:20,14.5,17802.0,United Kingdom
536465,22310,IVORY KNITTED MUG COSY,5,07/11/2011 19:30,13.85,13380.0,United Kingdom
536679,22622,BOX OF VINTAGE ALPHABET BLOCKS,16,04/26/2011 16:19,16.05,12793.0,United Kingdom
536841,22745,POPPY'S PLAYHOUSE BEDROOM,17,06/08/2011 08:16,12.48,14526.0,United Kingdom
537119,84879,ASSORTED COLOUR BIRD ORNAMENT,2,07/21/2011 10:20,20.35,12204.0,United Kingdom
536602,84029E,RED WOOLLY HOTTIE WHITE HEART,2,04/02/2011 10:10,7.72,15949.0,United Kingdom
536521,84879,ASSORTED COLOUR BIRD ORNAMENT,13,10/01/2011 13:17,23.16,15977.0,Germany
536508,48187,DOORMAT NEW ENGLAND,19,03/29/2011 17:55,15.06,13893.0,United Kingdom
536591,22633,HAND WARMER UNION JACK,1,03/30/2011 12:40,6.34,12302.0,United Kingdom
C536561,22139,RETROSPOT TEA SET CERAMIC 11 PC,-10,02/24/2011 11:40,2.96,17104.0,United Kingdom
536887,84969,BOX OF 6 ASSORTED COLOUR TEASPOONS,1,10/14/2011 12:40,7.01,15528.0,EIRE
536653,85123A,WHITE HANGING HEART T-LIGHT HOLDER,3,03/31/2011 12:47,20.57,12635.0,United Kingdom
536819,48187,DOORMAT NEW ENGLAND,13,08/16/2011 11:02,14.38,13274.0,United Kingdom
536729,21777,RECIPE BOX WITH METAL HEART,7,04/21/2011 07:31,13.27,15380.0,United Kingdom
536439,71053,WHITE METAL LANTERN,6,11/28/2011 15:20,6.92,15907.0,United Kingdom
536948,21777,RECIPE BOX WITH METAL HEART,1,05/23/2011 12:44,24.58,16595.0,United Kingdom
536680,21212,PACK OF 72 RETROSPOT CAKE CASES,11,06/10/2011 07:15,0.79,12793.0,United Kingdom
536721,22138,BAKING SET 9 PIECE RETROSPOT,2,07/10/2011 10:39,2.7,16306.0,France
536594,21754,HOME BUILDING BLOCK WORD,11,08/31/2011 16:53,21.51,12302.0,United Kingdom
537060,84879,ASSORTED COLOUR BIRD ORNAMENT,13,03/09/2011 13:22,12.71,16636.0,United Kingdom
536484,85099C,JUMBO BAG BAROQUE BLACK WHITE,17,08/23/2011 12:15,11.85,13978.0,France
536766,84406B,CREAM CUPID HEARTS COAT HANGER,8,03/26/2011 08:31,17.59,18107.0,United Kingdom
537160,23298,SPOTTY BUNTING,18,10/15/2011 12:22,20.73,13620.0,United Kingdom
537143,22960,JAM MAKING SET PRINTED,1,08/13/2011 07:03,23.13,15306.0,United Kingdom
537149,22749,FELTCRAFT PRINCESS CHARLOTTE DOLL,13,05/12/2011 09:39,9.58,17899.0,United Kingdom
536605,22749,FELTCRAFT PRINCESS CHARLOTTE DOLL,12,08/23/2011 14:17,17.64,15949.0,United Kingdom
536608,22961,JAM MAKING SET WITH JARS,6,01/19/2011 13:39,3.21,13108.0,United Kingdom
536654,23203,JUMBO BAG DOILEY PATTERNS,20,04/21/2011 11:05,16.48,12635.0,United Kingdom
536546,21212,PACK OF 72 RETROSPOT CAKE CASES,7,03/15/2011 18:21,24.79,14381.0,United Kingdom
536685,22139,RETROSPOT TEA SET CERAMIC 11 PC,7,12/09/2011 06:49,13.25,12793.0,United Kingdom
536903,23204,GYMKHANA TREASURE BOOK BOX,8,10/01/2011 07:39,21.58,12485.0,United Kingdom
537078,22749,FELTCRAFT PRINCESS CHARLOTTE DOLL,4,07/15/2011 17:31,2.06,17011.0,United Kingdom
537026,71053,WHITE METAL LANTERN,14,02/27/2011 09:20,7.03,16144.0,United Kingdom
537164,84879,ASSORTED COLOUR BIRD ORNAMENT,12,03/08/2011 09:36,11.65,14667.0,United Kingdom
536483,84879,ASSORTED COLOUR BIRD ORNAMENT,4,08/10/2011 14:35,1.66,13978.0,France
C536607,21755,LOVE BUILDING BLOCK WORD,-9,10/05/2011 07:58,11.79,15949.0,United Kingdom
536940,20725,LUNCH BAG RED RETROSPOT,1,08/06/2011 11:21,2.0,12036.0,United Kingdom
537016,21777,RECIPE BOX WITH METAL HEART,1,07/28/2011 11:05,24.42,14114.0,United Kingdom
536442,22310,IVORY KNITTED MUG COSY,14,06/27/2011 16:56,11.47,16602.0,EIRE
537053,84969,BOX OF 6 ASSORTED COLOUR TEASPOONS,2,05/03/2011 07:53,20.63,,United Kingdom
536408,22749,FELTCRAFT PRINCESS CHARLOTTE DOLL,3,11/11/2011 11:17,6.33,13014.0,Germany
537046,21754,HOME BUILDING BLOCK WORD,13,10/15/2011 12:59,2.94,15069.0,United Kingdom
536876,22138,BAKING SET 9 PIECE RETROSPOT,10,10/31/2011 11:58,7.62,13826.0,United Kingdom
536455,22961,JAM MAKING SET WITH JARS,3,07/01/2011 14:50,12.77,18304.0,Germany
536545,22960,JAM MAKING SET PRINTED,3,03/15/2011 06:55,19.9,14381.0,United Kingdom
537266,22139,RETROSPOT TEA SET CERAMIC 11 PC,15,01/17/2011 14:53,23.53,17802.0,United Kingdom
536944,22632,HAND WARMER RED POLKA DOT,16,10/01/2011 07:21,5.21,17300.0,United Kingdom
537069,84879,ASSORTED COLOUR BIRD ORNAMENT,15,03/28/2011 18:50,17.09,15648.0,United Kingdom
536633,21755,LOVE BUILDING BLOCK WORD,5,01/28/2011 12:50,7.72,18277.0,United Kingdom
536539,22752,SET 7 BABUSHKA NESTING BOXES,19,08/22/2011 14:32,1.18,13899.0,United Kingdom
537047,84406B,CREAM CUPID HEARTS COAT HANGER,17,11/11/2011 07:38,6.61,,United Kingdom
536970,23298,SPOTTY BUNTING,7,04/24/2011 11:38,17.26,12481.0,United Kingdom
537182,23204,GYMKHANA TREASURE BOOK BOX,1,01/14/2011 15:27,18.81,12500.0,United Kingdom
537170,85099B,JUMBO BAG RED RETROSPOT,11,01/08/2011 12:16,21.09,16911.0,United Kingdom
536510,23204,GYMKHANA TREASURE BOOK BOX,14,05/01/2011 10:54,14.06,13893.0,United Kingdom
537101,22752,SET 7 BABUSHKA NESTING BOXES,2,04/17/2011 12:19,0.0,12165.0,United Kingdom
536634,22748,POPPY'S PLAYHOUSE KITCHEN,8,01/29/2011 08:10,15.52,18277.0,United Kingdom
536473,23203,JUMBO BAG DOILEY PATTERNS,12,10/07/2011 07:42,12.98,13182.0,United Kingdom
536909,84879,ASSORTED COLOUR BIRD ORNAMENT,10,05/27/2011 08:52,11.2,18415.0,United Kingdom
537150,21754,HOME BUILDING BLOCK WORD,16,05/15/2011 14:58,10.17,17899.0,United Kingdom
536821,84029E,RED WOOLLY HOTTIE WHITE HEART,19,08/24/2011 19:37,20.03,13274.0,United Kingdom
537120,21755,LOVE BUILDING BLOCK WORD,9,07/28/2011 10:31,24.63,12204.0,United Kingdom
537025,84406B,CREAM CUPID HEARTS COAT HANGER,18,02/05/2011 07:20,4.23,16144.0,United Kingdom
537037,21212,PACK OF 72 RETROSPOT CAKE CASES,1,02/13/2011 07:01,15.82,15069.0,United Kingdom
536918,22622,BOX OF VINTAGE ALPHABET BLOCKS,1,04/07/2011 19:17,19.27,17020.0,United Kingdom
536405,22961,JAM MAKING SET WITH JARS,1,07/12/2011 17:53,21.22,13014.0,Germany
536894,22310,IVORY KNITTED MUG COSY,1,05/24/2011 18:45,5.22,17214.0,United Kingdom
536489,48187,DOORMAT NEW ENGLAND,14,01/21/2011 15:49,4.13,15411.0,United Kingdom
536602,85099C,JUMBO BAG BAROQUE BLACK WHITE,12,04/02/2011 10:10,18.78,15949.0,United Kingdom
537056,85099C,JUMBO BAG BAROQUE BLACK WHITE,9,08/15/2011 15:30,8.3,12777.0,United Kingdom
536396,BANK CHARGES,JAM MAKING SET WITH JARS,3,10/20/2011 13:50,20.46,15891.0,United Kingdom
536961,23203,JUMBO BAG DOILEY PATTERNS,10,11/19/2011 07:17,24.52,16739.0,United Kingdom
537220,23299,FOOD COVER WITH BEADS SET 2,4,05/04/2011 14:58,4.41,17253.0,United Kingdom
537034,23203,JUMBO BAG DOILEY PATTERNS,1,06/21/2011 12:58,23.42,17767.0,United Kingdom
537068,22961,JAM MAKING SET WITH JARS,20,02/21/2011 07:12,3.43,15648.0,United Kingdom
537128,85099B,JUMBO BAG RED RETROSPOT,16,10/04/2011 18:56,15.13,16137.0,United Kingdom
537138,22633,HAND WARMER UNION JACK,6,01/31/2011 08:33,5.25,15306.0,United Kingdom
537199,22632,HAND WARMER RED POLKA DOT,17,07/29/2011 10:05,7.83,,United Kingdom
536981,21730,GLASS STAR FROSTED T-LIGHT HOLDER,14,07/01/2011 11:00,12.47,14330.0,United Kingdom
536673,22623,BOX OF VINTAGE JIGSAW BLOCKS,6,10/02/2011 13:48,17.92,14861.0,United Kingdom
536572,84969,BOX OF 6 ASSORTED COLOUR TEASPOONS,6,12/08/2011 14:20,2.87,17104.0,United Kingdom
536582,22622,BOX OF VINTAGE ALPHABET BLOCKS,3,02/27/2011 10:05,16.13,15343.0,United Kingdom
536757,84029E,RED WOOLLY HOTTIE WHITE HEART,15,04/21/2011 19:13,23.01,17038.0,United Kingdom
536490,22622,BOX OF VINTAGE ALPHABET BLOCKS,20,03/22/2011 11:42,12.27,15411.0,United Kingdom
536655,84969,BOX OF 6 ASSORTED COLOUR TEASPOONS,20,05/07/2011 06:49,4.57,12635.0,United Kingdom
537084,22748,POPPY'S PLAYHOUSE KITCHEN,19,10/10/2011 07:58,0.0,15210.0,United Kingdom
536542,22752,SET 7 BABUSHKA NESTING BOXES,15,12/04/2011 11:55,21.6,13899.0,United Kingdom
536876,21755,LOVE BUILDING BLOCK WORD,2,10/31/2011 11:58,13.22,13826.0,United Kingdom
536967,22633,HAND WARMER UNION JACK,7,02/05/2011 19:44,24.06,12481.0,United Kingdom
536596,85099B,JUMBO BAG RED RETROSPOT,12,11/11/2011 12:24,12.84,12302.0,United Kingdom
536548,21212,PACK OF 72 RETROSPOT CAKE CASES,5,04/09/2011 13:00,12.11,14381.0,United Kingdom
536665,48187,DOORMAT NEW ENGLAND,16,01/07/2011 14:34,7.76,14861.0,United Kingdom
536376,22749,FELTCRAFT PRINCESS CHARLOTTE DOLL,10,09/05/2011 19:04,10.19,18180.0,United Kingdom
537201,21777,RECIPE BOX WITH METAL HEART,9,10/04/2011 15:48,21.65,13883.0,United Kingdom
536715,22633,HAND WARMER UNION JACK,6,11/15/2011 17:32,19.48,13682.0,United Kingdom
537055,22745,POPPY'S PLAYHOUSE BEDROOM,5,05/10/2011 10:44,14.7,12777.0,United Kingdom
536628,22960,JAM MAKING SET PRINTED,15,08/04/2011 06:07,6.3,18168.0,France
536947,22960,JAM MAKING SET PRINTED,5,05/14/2011 12:25,7.01,16595.0,United Kingdom
536536,48187,DOORMAT NEW ENGLAND,20,06/29/2011 16:55,9.93,13899.0,United Kingdom
536713,23299,FOOD COVER WITH BEADS SET 2,2,06/19/2011 15:34,5.07,13682.0,United Kingdom
536396,22623,BOX OF VINTAGE JIGSAW BLOCKS,10,10/20/2011 13:50,5.92,15891.0,United Kingdom
537157,22139,RETROSPOT TEA SET CERAMIC 11 PC,10,06/28/2011 13:05,4.78,13620.0,United Kingdom
537121,23298,SPOTTY BUNTING,6,09/24/2011 14:53,1.09,12204.0,United Kingdom
536796,85123A,WHITE HANGING HEART T-LIGHT HOLDER,10,02/11/2011 12:23,8.86,17992.0,EIRE
537056,85099B,JUMBO BAG RED RETROSPOT,8,08/15/2011 15:30,2.67,12777.0,United Kingdom
537166,21730,GLASS STAR FROSTED T-LIGHT HOLDER,13,06/11/2011 14:54,3.57,14667.0,United Kingdom
537107,84969,BOX OF 6 ASSORTED COLOUR TEASPOONS,2,04/02/2011 19:28,23.72,12701.0,United Kingdom
536482,22961,JAM MAKING SET WITH JARS,20,07/01/2011 10:29,3.94,13978.0,France
537197,23203,JUMBO BAG DOILEY PATTERNS,4,04/01/2011 18:07,23.73,13883.0,United Kingdom
536766,21730,GLASS STAR FROSTED T-LIGHT HOLDER,15,03/26/2011 08:31,15.38,18107.0,United Kingdom
536684,20725,LUNCH BAG RED RETROSPOT,10,11/23/2011 09:36,20.48,12793.0,United Kingdom
536898,22749,FELTCRAFT PRINCESS CHARLOTTE DOLL,11,08/27/2011 12:34,2.42,17214.0,United Kingdom
537074,23299,FOOD COVER WITH BEADS SET 2,15,02/02/2011 07:08,17.41,17011.0,United Kingdom
536712,84406B,CREAM CUPID HEARTS COAT HANGER,20,04/24/2011 12:25,18.42,13682.0,United Kingdom
536758,22139,RETROSPOT TEA SET CERAMIC 11 PC,13,05/13/2011 10:10,8.56,17038.0,United Kingdom
536388,84879,ASSORTED COLOUR BIRD ORNAMENT,18,02/26/2011 12:35,1.3,15891.0,United Kingdom
536428,22622,BOX OF VINTAGE ALPHABET BLOCKS,15,03/04/2011 15:43,6.67,17630.0,United Kingdom
537231,21777,RECIPE BOX WITH METAL HEART,11,02/04/2011 17:42,17.81,16117.0,United Kingdom
536685,23298,SPOTTY BUNTING,13,12/09/2011 06:49,18.38,12793.0,United Kingdom
536728,71053,WHITE METAL LANTERN,7,05/18/2011 14:34,14.55,14026.0,United Kingdom
536582,22139,RETROSPOT TEA SET CERAMIC 11 PC,6,02/27/2011 10:05,9.5,15343.0,United Kingdom
536493,84029G,KNITTED UNION FLAG HOT WATER BOTTLE,4,06/16/2011 17:17,10.54,15411.0,United Kingdom
536595,23203,JUMBO BAG DOILEY PATTERNS,11,10/15/2011 06:51,17.08,12302.0,United Kingdom
536800,21754,HOME BUILDING BLOCK WORD,16,08/01/2011 13:07,24.76,17992.0,EIRE
537193,20725,LUNCH BAG RED RETROSPOT,9,12/04/2011 13:21,14.33,12500.0,United Kingdom
537043,22622,BOX OF VINTAGE ALPHABET BLOCKS,4,07/19/2011 15:38,5.14,15069.0,United Kingdom
537201,22748,POPPY'S PLAYHOUSE KITCHEN,11,10/04/2011 15:48,12.84,13883.0,United Kingdom
536940,22623,,7,08/06/2011 11:21,13.62,12036.0,United Kingdom
537264,22310,IVORY KNITTED MUG COSY,12,08/30/2011 06:00,2.79,13213.0,United Kingdom
C536527,21212,PACK OF 72 RETROSPOT CAKE CASES,-20,04/21/2011 11:53,3.75,12907.0,United Kingdom
536585,22749,FELTCRAFT PRINCESS CHARLOTTE DOLL,5,11/01/2011 09:51,1.46,15343.0,United Kingdom
536842,22622,BOX OF VINTAGE ALPHABET BLOCKS,20,08/01/2011 11:59,20.73,14526.0,United Kingdom
537132,21755,LOVE BUILDING BLOCK WORD,10,03/20/2011 06:10,1.01,14043.0,United Kingdom
536589,85099B,JUMBO BAG RED RETROSPOT,9,11/09/2011 09:03,22.38,15851.0,United Kingdom
537126,22622,BOX OF VINTAGE ALPHABET BLOCKS,20,08/19/2011 09:00,9.73,16137.0,United Kingdom
536924,22310,IVORY KNITTED MUG COSY,5,06/22/2011 14:04,21.73,17020.0,United Kingdom
537005,85099C,JUMBO BAG BAROQUE BLACK WHITE,12,03/21/2011 12:09,23.26,,United Kingdom
537075,22623,BOX OF VINTAGE JIGSAW BLOCKS,19,04/16/2011 07:48,12.96,17011.0,United Kingdom
536975,22960,JAM MAKING SET PRINTED,15,08/30/2011 08:09,12.71,12481.0,United Kingdom
536811,85099C,JUMBO BAG BAROQUE BLACK WHITE,4,03/31/2011 09:54,10.12,12575.0,Netherlands
536432,22138,BAKING SET 9 PIECE RETROSPOT,17,08/23/2011 11:47,12.7,17630.0,United Kingdom
C537224,48187,DOORMAT NEW ENGLAND,-2,08/21/2011 17:41,3.87,17253.0,United Kingdom
537143,22960,JAM MAKING SET PRINTED,18,08/13/2011 07:03,22.04,15306.0,United Kingdom
536512,84406B,CREAM CUPID HEARTS COAT HANGER,3,09/07/2011 10:24,5.03,13893.0,United Kingdom
536548,21777,RECIPE BOX WITH METAL HEART,5,04/09/2011 13:00,9.79,14381.0,United Kingdom
536576,84406B,CREAM CUPID HEARTS COAT HANGER,6,10/08/2011 11:11,15.17,13298.0,United Kingdom
537007,22961,JAM MAKING SET WITH JARS,5,05/04/2011 15:50,20.06,12413.0,United Kingdom
536900,85099B,JUMBO BAG RED RETROSPOT,8,01/12/2011 09:06,23.89,12485.0,United Kingdom
537167,23203,JUMBO BAG DOILEY PATTERNS,3,08/12/2011 17:55,16.22,14667.0,United Kingdom
536740,48187,DOORMAT NEW ENGLAND,18,05/03/2011 09:11,2.81,15554.0,Germany
537036,22961,JAM MAKING SET WITH JARS,6,08/12/2011 15:20,23.9,17767.0,United Kingdom
537072,22752,SET 7 BABUSHKA NESTING BOXES,10,09/12/2011 08:05,5.78,15648.0,United Kingdom
536485,84029G,KNITTED UNION FLAG HOT WATER BOTTLE,10,09/22/2011 11:03,12.54,13978.0,France
536991,22139,RETROSPOT TEA SET CERAMIC 11 PC,3,11/06/2011 10:13,22.14,12753.0,EIRE
537200,85123A,WHITE HANGING HEART T-LIGHT HOLDER,19,08/20/2011 07:28,10.94,13883.0,United Kingdom
537076,21730,GLASS STAR FROSTED T-LIGHT HOLDER,11,05/11/2011 16:00,14.97,17011.0,United Kingdom
537102,22310,IVORY KNITTED MUG COSY,1,06/30/2011 18:22,8.77,12165.0,United Kingdom
536747,85099C,JUMBO BAG BAROQUE BLACK WHITE,8,05/14/2011 09:11,17.85,13202.0,United Kingdom
C536517,21754,HOME BUILDING BLOCK WORD,-18,03/02/2011 13:23,24.35,15977.0,Germany
536490,22748,POPPY'S PLAYHOUSE KITCHEN,15,03/22/2011 11:42,0.0,15411.0,United Kingdom
536459,22632,HAND WARMER RED POLKA DOT,5,04/19/2011 16:58,2.31,17411.0,United Kingdom
536374,23298,SPOTTY BUNTING,4,05/20/2011 07:18,21.73,18180.0,United Kingdom
536515,84969,BOX OF 6 ASSORTED COLOUR TEASPOONS,5,11/18/2011 06:36,0.82,13893.0,United Kingdom
537271,22623,BOX OF VINTAGE JIGSAW BLOCKS,20,10/09/2011 07:59,16.79,17802.0,United Kingdom
536860,22623,BOX OF VINTAGE JIGSAW BLOCKS,7,03/19/2011 13:19,14.05,14319.0,United Kingdom
536806,22749,FELTCRAFT PRINCESS CHARLOTTE DOLL,6,01/18/2011 15:13,16.84,12575.0,Netherlands
536366,21212,PACK OF 72 RETROSPOT CAKE CASES,2,01/12/2011 07:37,1.15,14435.0,United Kingdom
536662,85123A,WHITE HANGING HEART T-LIGHT HOLDER,1,06/27/2011 13:07,16.92,16448.0,United Kingdom
537127,20725,LUNCH BAG RED RETROSPOT,11,09/13/2011 11:34,6.48,16137.0,United Kingdom
537226,22748,POPPY'S PLAYHOUSE KITCHEN,17,09/23/2011 12:11,24.05,17253.0,United Kingdom
536382,22752,SET 7 BABUSHKA NESTING BOXES,14,03/01/2011 19:33,16.51,16758.0,United Kingdom
537126,22748,POPPY'S PLAYHOUSE KITCHEN,10,08/19/2011 09:00,21.0,16137.0,United Kingdom
C537273,84969,BOX OF 6 ASSORTED COLOUR TEASPOONS,-3,11/19/2011 12:02,16.03,17802.0,United Kingdom
536525,22139,,6,02/09/2011 07:38,3.82,12907.0,United Kingdom
536804,71053,WHITE METAL LANTERN,16,10/02/2011 15:44,8.94,17992.0,EIRE
536586,21754,HOME BUILDING BLOCK WORD,17,01/27/2011 14:20,11.64,15851.0,United Kingdom
536770,22310,IVORY KNITTED MUG COSY,5,06/22/2011 17:08,16.08,18107.0,United Kingdom
536549,84879,ASSORTED COLOUR BIRD ORNAMENT,14,04/12/2011 16:10,15.5,14381.0,United Kingdom
C536561,22752,SET 7 BABUSHKA NESTING BOXES,-2,02/24/2011 11:40,22.97,17104.0,United Kingdom
537033,85099B,JUMBO BAG RED RETROSPOT,4,05/23/2011 07:40,9.0,17767.0,United Kingdom
536866,21212,PACK OF 72 RETROSPOT CAKE CASES,14,08/15/2011 08:51,22.89,14319.0,United Kingdom
536881,22748,POPPY'S PLAYHOUSE KITCHEN,1,04/19/2011 06:07,7.15,15528.0,EIRE
536974,22622,BOX OF VINTAGE ALPHABET BLOCKS,1,08/27/2011 11:44,17.23,12481.0,United Kingdom
536801,71053,WHITE METAL LANTERN,9,08/18/2011 14:46,4.41,17992.0,EIRE
536413,21212,PACK OF 72 RETROSPOT CAKE CASES,10,06/19/2011 09:49,14.34,13014.0,United Kingdom
536725,21777,RECIPE BOX WITH METAL HEART,10,12/01/2011 11:35,12.82,16306.0,France
536923,85099C,JUMBO BAG BAROQUE BLACK WHITE,1,06/06/2011 16:57,4.99,17020.0,United Kingdom
536859,22138,BAKING SET 9 PIECE RETROSPOT,16,02/17/2011 19:43,20.0,14319.0,United Kingdom
536751,84879,ASSORTED COLOUR BIRD ORNAMENT,15,02/01/2011 10:08,9.47,18302.0,United Kingdom
536426,84406B,CREAM CUPID HEARTS COAT HANGER,20,11/21/2011 19:34,2.09,12378.0,United Kingdom
537276,22749,FELTCRAFT PRINCESS CHARLOTTE DOLL,2,02/01/2011 11:29,10.0,15506.0,United Kingdom
536941,22623,BOX OF VINTAGE JIGSAW BLOCKS,10,03/04/2011 17:29,7.41,17300.0,United Kingdom
536660,85099C,JUMBO BAG BAROQUE BLACK WHITE,20,04/01/2011 09:31,0.58,16448.0,United Kingdom
536894,22138,BAKING SET 9 PIECE RETROSPOT,2,05/24/2011 18:45,7.29,17214.0,United Kingdom
537247,23299,FOOD COVER WITH BEADS SET 2,2,10/02/2011 15:55,23.44,17664.0,United Kingdom
536584,84406B,CREAM CUPID HEARTS COAT HANGER,17,04/30/2011 12:34,14.4,15343.0,United Kingdom
536704,23298,SPOTTY BUNTING,4,10/19/2011 11:55,22.55,12224.0,United Kingdom
536746,21212,PACK OF 72 RETROSPOT CAKE CASES,20,03/09/2011 08:08,4.82,13202.0,United Kingdom
536861,22633,HAND WARMER UNION JACK,18,03/24/2011 15:14,5.91,14319.0,United Kingdom
536696,48187,DOORMAT NEW ENGLAND,16,11/18/2011 17:04,4.65,15219.0,United Kingdom
537270,84029E,RED WOOLLY HOTTIE WHITE HEART,7,09/01/2011 19:27,12.54,17802.0,United Kingdom
536435,23204,GYMKHANA TREASURE BOOK BOX,19,04/29/2011 07:08,18.59,15907.0,United Kingdom
537022,22622,,15,10/04/2011 10:30,16.34,16742.0,United Kingdom
537014,22961,JAM MAKING SET WITH JARS,1,01/30/2011 16:25,6.28,14114.0,United Kingdom
536550,22752,SET 7 BABUSHKA NESTING BOXES,8,04/24/2011 09:17,13.97,14381.0,United Kingdom
537259,20725,LUNCH BAG RED RETROSPOT,10,10/04/2011 10:36,13.6,17224.0,Spain
536446,84029G,KNITTED UNION FLAG HOT WATER BOTTLE,5,05/03/2011 13:21,4.27,12134.0,United Kingdom
536642,22960,JAM MAKING SET PRINTED,12,01/30/2011 14:25,12.34,17255.0,United Kingdom
536381,85099C,JUMBO BAG BAROQUE BLACK WHITE,5,01/05/2011 12:44,5.07,16758.0,United Kingdom
537135,20725,LUNCH BAG RED RETROSPOT,8,08/08/2011 09:24,14.57,14043.0,United Kingdom
536457,84029G,KNITTED UNION FLAG HOT WATER BOTTLE,11,10/17/2011 18:21,2.03,18304.0,Germany
537013,22632,HAND WARMER RED POLKA DOT,7,11/30/2011 14:24,10.22,14021.0,Netherlands
536741,22632,HAND WARMER RED POLKA DOT,19,06/07/2011 09:52,22.53,15554.0,Germany
536822,22748,POPPY'S PLAYHOUSE KITCHEN,1,09/04/2011 13:42,15.79,13274.0,United Kingdom
536440,23299,FOOD COVER WITH BEADS SET 2,10,02/10/2011 06:46,11.63,16602.0,EIRE
536448,85123A,WHITE HANGING HEART T-LIGHT HOLDER,7,07/12/2011 15:03,7.8,12134.0,United Kingdom
536467,23298,SPOTTY BUNTING,17,10/03/2011 06:39,13.99,13380.0,United Kingdom
537002,21730,GLASS STAR FROSTED T-LIGHT HOLDER,18,06/21/2011 08:40,18.44,14151.0,United Kingdom
536942,22139,RETROSPOT TEA SET CERAMIC 11 PC,6,03/14/2011 11:25,11.94,17300.0,United Kingdom
536548,84969,BOX OF 6 ASSORTED COLOUR TEASPOONS,13,04/09/2011 13:00,2.61,14381.0,United Kingdom
536772,84879,ASSORTED COLOUR BIRD ORNAMENT,16,09/06/2011 16:13,12.6,18107.0,United Kingdom
C536705,22961,JAM MAKING SET WITH JARS,-16,10/29/2011 14:19,10.05,12224.0,United Kingdom
537265,22960,JAM MAKING SET PRINTED,6,01/14/2011 10:06,14.87,17802.0,United Kingdom
C536600,85099C,JUMBO BAG BAROQUE BLACK WHITE,-3,03/06/2011 09:48,3.59,15949.0,United Kingdom
536555,D,POPPY'S PLAYHOUSE BEDROOM,16,01/23/2011 08:07,23.75,14964.0,France
536419,20726,LUNCH BAG WOODLAND,14,04/12/2011 19:00,1.75,12378.0,United Kingdom
536597,22961,JAM MAKING SET WITH JARS,12,02/03/2011 12:50,6.8,15949.0,United Kingdom
536658,22623,BOX OF VINTAGE JIGSAW BLOCKS,11,02/13/2011 15:30,23.95,16448.0,United Kingdom
537168,21777,RECIPE BOX WITH METAL HEART,14,10/05/2011 06:13,2.69,14667.0,United Kingdom
536469,85099B,JUMBO BAG RED RETROSPOT,9,01/19/2011 13:40,1.32,13182.0,United Kingdom
537245,85099C,JUMBO BAG BAROQUE BLACK WHITE,18,08/02/2011 18:52,15.27,17664.0,United Kingdom
536567,22752,SET 7 BABUSHKA NESTING BOXES,19,09/24/2011 17:35,14.77,17104.0,United Kingdom
536850,84029G,KNITTED UNION FLAG HOT WATER BOTTLE,18,02/04/2011 12:05,2.29,17387.0,United Kingdom
536445,23203,JUMBO BAG DOILEY PATTERNS,3,02/25/2011 11:22,3.89,12134.0,United Kingdom
536863,21730,GLASS STAR FROSTED T-LIGHT HOLDER,18,04/29/2011 19:48,1.45,14319.0,United Kingdom
537229,20725,LUNCH BAG RED RETROSPOT,5,01/09/2011 13:26,21.4,16117.0,United Kingdom
537070,85123A,WHITE HANGING HEART T-LIGHT HOLDER,14,06/22/2011 06:29,9.04,15648.0,United Kingdom
537209,22139,RETROSPOT TEA SET CERAMIC 11 PC,2,08/24/2011 17:30,2.9,13048.0,United Kingdom
C536700,22138,BAKING SET 9 PIECE RETROSPOT,-5,05/31/2011 08:22,18.97,12224.0,United Kingdom
536978,23299,FOOD COVER WITH BEADS SET 2,20,12/09/2011 17:08,1.46,12481.0,United Kingdom
536650,22752,SET 7 BABUSHKA NESTING BOXES,10,08/25/2011 11:37,15.07,13980.0,United Kingdom
C536953,48187,DOORMAT NEW ENGLAND,-1,11/13/2011 12:46,15.93,16595.0,United Kingdom
536565,21777,RECIPE BOX WITH METAL HEART,20,09/09/2011 07:10,1.41,17104.0,United Kingdom
536572,21754,HOME BUILDING BLOCK WORD,2,12/08/2011 14:20,20.22,17104.0,United Kingdom
536838,22749,FELTCRAFT PRINCESS CHARLOTTE DOLL,14,10/31/2011 19:18,4.84,14115.0,United Kingdom
536733,48187,DOORMAT NEW ENGLAND,15,08/04/2011 11:12,16.85,15380.0,United Kingdom
536971,22745,POPPY'S PLAYHOUSE BEDROOM,13,05/14/2011 12:04,11.58,12481.0,United Kingdom
537035,84879,ASSORTED COLOUR BIRD ORNAMENT,12,08/01/2011 06:01,21.0,17767.0,United Kingdom
536416,84879,ASSORTED COLOUR BIRD ORNAMENT,3,08/11/2011 07:34,1.88,13014.0,United Kingdom
536892,22139,RETROSPOT TEA SET CERAMIC 11 PC,20,01/05/2011 13:48,9.18,17214.0,United Kingdom
536494,85099B,JUMBO BAG RED RETROSPOT,16,07/19/2011 08:26,16.35,15411.0,United Kingdom
536775,84029G,KNITTED UNION FLAG HOT WATER BOTTLE,9,11/27/2011 13:11,3.76,18107.0,United Kingdom
536498,85123A,WHITE HANGING HEART T-LIGHT HOLDER,9,10/27/2011 07:11,16.42,15411.0,United Kingdom
536924,22633,HAND WARMER UNION JACK,5,06/22/2011 14:04,13.55,17020.0,United Kingdom
536635,20725,LUNCH BAG RED RETROSPOT,11,06/01/2011 11:08,15.51,18277.0,United Kingdom
536917,22633,HAND WARMER UNION JACK,3,04/04/2011 09:06,9.24,17020.0,United Kingdom
536379,21730,GLASS STAR FROSTED T-LIGHT HOLDER,2,10/10/2011 06:43,16.38,18180.0,United Kingdom
536660,21730,GLASS STAR FROSTED T-LIGHT HOLDER,4,04/01/2011 09:31,22.95,16448.0,United Kingdom
537060,22622,BOX OF VINTAGE ALPHABET BLOCKS,4,03/09/2011 13:22,23.11,16636.0,United Kingdom
536713,23203,JUMBO BAG DOILEY PATTERNS,2,06/19/2011 15:34,14.07,13682.0,United Kingdom
536699,21754,HOME BUILDING BLOCK WORD,14,05/13/2011 15:47,8.34,12224.0,United Kingdom
536974,23203,JUMBO BAG DOILEY PATTERNS,16,08/27/2011 11:44,14.92,12481.0,United Kingdom
536383,84029E,RED WOOLLY HOTTIE WHITE HEART,1,05/16/2011 10:13,0.0,16758.0,United Kingdom
536658,71053,WHITE METAL LANTERN,16,02/13/2011 15:30,3.27,16448.0,United Kingdom
536842,21212,PACK OF 72 RETROSPOT CAKE CASES,10,08/01/2011 11:59,22.52,14526.0,United Kingdom
536853,20726,LUNCH BAG WOODLAND,15,08/12/2011 11:37,15.69,17387.0,United Kingdom
537130,84029E,RED WOOLLY HOTTIE WHITE HEART,2,01/19/2011 11:08,13.12,14043.0,United Kingdom
536423,84969,BOX OF 6 ASSORTED COLOUR TEASPOONS,14,07/10/2011 13:55,1.49,12378.0,United Kingdom
536879,23204,GYMKHANA TREASURE BOOK BOX,13,01/19/2011 16:39,6.12,15528.0,EIRE
537123,23298,SPOTTY BUNTING,11,02/02/2011 11:10,7.18,16137.0,United Kingdom
537040,22622,BOX OF VINTAGE ALPHABET BLOCKS,6,02/27/2011 18:51,2.69,15069.0,United Kingdom
536594,22622,BOX OF VINTAGE ALPHABET BLOCKS,10,08/31/2011 16:53,5.03,12302.0,United Kingdom
537205,22961,JAM MAKING SET WITH JARS,12,03/16/2011 09:59,20.72,13048.0,United Kingdom
537137,22622,BOX OF VINTAGE ALPHABET BLOCKS,14,10/28/2011 17:53,8.04,14043.0,United Kingdom
537191,23298,SPOTTY BUNTING,15,08/21/2011 18:02,10.91,12500.0,United Kingdom
536792,85099C,JUMBO BAG BAROQUE BLACK WHITE,5,09/11/2011 14:19,23.62,15886.0,United Kingdom
536703,21754,HOME BUILDING BLOCK WORD,2,09/26/2011 13:39,11.8,12224.0,United Kingdom
536460,23299,FOOD COVER WITH BEADS SET 2,2,08/15/2011 14:49,16.62,17411.0,United Kingdom
536988,21212,High Resolution Image,2,06/16/2011 09:21,7.87,12753.0,EIRE
537046,85099C,JUMBO BAG BAROQUE BLACK WHITE,14,10/15/2011 12:59,22.03,15069.0,United Kingdom
536890,BANK CHARGES,IVORY KNITTED MUG COSY,19,07/11/2011 11:53,21.0,12916.0,United Kingdom
537186,85099B,JUMBO BAG RED RETROSPOT,3,05/01/2011 09:08,23.72,12500.0,United Kingdom
537251,22138,BAKING SET 9 PIECE RETROSPOT,6,03/03/2011 18:28,23.9,17224.0,Spain
536664,21754,HOME BUILDING BLOCK WORD,15,09/30/2011 15:21,4.82,16448.0,United Kingdom
537187,84029E,RED WOOLLY HOTTIE WHITE HEART,1,05/09/2011 14:55,5.49,12500.0,United Kingdom
536973,21777,RECIPE BOX WITH METAL HEART,19,07/24/2011 06:06,20.53,12481.0,United Kingdom
536605,21730,GLASS STAR FROSTED T-LIGHT HOLDER,17,08/23/2011 14:17,18.02,15949.0,United Kingdom
536920,23204,GYMKHANA TREASURE BOOK BOX,7,05/09/2011 12:49,11.16,17020.0,United Kingdom
536910,22748,POPPY'S PLAYHOUSE KITCHEN,9,06/04/2011 08:14,22.71,18415.0,United Kingdom
537257,22960,JAM MAKING SET PRINTED,18,09/17/2011 09:46,20.52,17224.0,Spain
536723,84969,BOX OF 6 ASSORTED COLOUR TEASPOONS,10,09/08/2011 10:27,24.39,16306.0,France
536370,84969,BOX OF 6 ASSORTED COLOUR TEASPOONS,5,01/23/2011 12:56,12.89,18180.0,United Kingdom
536958,48187,DOORMAT NEW ENGLAND,12,09/12/2011 07:36,19.94,16739.0,United Kingdom
536638,84969,BOX OF 6 ASSORTED COLOUR TEASPOONS,19,09/12/2011 07:46,18.37,18277.0,United Kingdom
537105,22310,IVORY KNITTED MUG COSY,14,11/09/2011 06:07,1.85,12165.0,United Kingdom
536848,22752,SET 7 BABUSHKA NESTING BOXES,13,03/06/2011 15:24,6.67,13764.0,France
536569,22139,RETROSPOT TEA SET CERAMIC 11 PC,14,10/01/2011 07:02,4.65,17104.0,United Kingdom
537067,23299,FOOD COVER WITH BEADS SET 2,1,11/29/2011 10:42,4.04,16945.0,United Kingdom
536465,22632,HAND WARMER RED POLKA DOT,16,07/11/2011 19:30,11.4,13380.0,United Kingdom
537218,84969,BOX OF 6 ASSORTED COLOUR TEASPOONS,7,03/15/2011 19:20,19.33,17253.0,United Kingdom
536964,21730,GLASS STAR FROSTED T-LIGHT HOLDER,5,08/22/2011 06:23,9.64,17013.0,United Kingdom
536617,22749,FELTCRAFT PRINCESS CHARLOTTE DOLL,11,02/06/2011 12:06,3.06,12423.0,United Kingdom
537122,22633,HAND WARMER UNION JACK,15,10/11/2011 19:52,22.18,12204.0,United Kingdom
536985,22633,HAND WARMER UNION JACK,9,03/12/2011 13:18,24.76,12753.0,EIRE
537198,20726,LUNCH BAG WOODLAND,6,07/21/2011 10:51,1.4,13883.0,United Kingdom
537012,21212,PACK OF 72 RETROSPOT CAKE CASES,15,11/10/2011 17:00,13.99,14021.0,Netherlands
536566,84029G,KNITTED UNION FLAG HOT WATER BOTTLE,10,09/12/2011 08:05,6.79,17104.0,United Kingdom
537051,21755,LOVE BUILDING BLOCK WORD,1,03/06/2011 11:37,16.18,12777.0,United Kingdom
536382,84029E,RED WOOLLY HOTTIE WHITE HEART,8,03/01/2011 19:33,10.3,16758.0,United Kingdom
536895,22745,POPPY'S PLAYHOUSE BEDROOM,18,06/15/2011 07:55,5.16,17214.0,United Kingdom
536989,84029G,KNITTED UNION FLAG HOT WATER BOTTLE,11,07/10/2011 11:45,5.61,12753.0,EIRE
536965,20725,LUNCH BAG RED RETROSPOT,12,12/06/2011 13:19,0.7,17013.0,United Kingdom
537214,20726,LUNCH BAG WOODLAND,20,04/23/2011 15:59,16.34,18043.0,United Kingdom
537073,22749,FELTCRAFT PRINCESS CHARLOTTE DOLL,9,11/30/2011 10:38,3.74,15648.0,United Kingdom
536424,20725,LUNCH BAG RED RETROSPOT,4,08/27/2011 08:31,13.3,12378.0,United Kingdom
536870,21777,RECIPE BOX WITH METAL HEART,14,05/01/2011 17:56,24.58,13826.0,United Kingdom
536936,84969,BOX OF 6 ASSORTED COLOUR TEASPOONS,17,02/05/2011 08:21,14.8,12036.0,United Kingdom
536752,20725,LUNCH BAG RED RETROSPOT,6,04/11/2011 09:31,5.58,18302.0,United Kingdom
536815,22633,HAND WARMER UNION JACK,13,09/30/2011 13:31,11.44,12575.0,Netherlands
536931,23299,FOOD COVER WITH BEADS SET 2,4,08/11/2011 17:02,9.98,13292.0,United Kingdom
536576,85123A,WHITE HANGING HEART T-LIGHT HOLDER,19,10/08/2011 11:11,10.01,13298.0,United Kingdom
537179,23204,GYMKHANA TREASURE BOOK BOX,7,05/11/2011 17:49,0.88,13487.0,United Kingdom
537218,84969,BOX OF 6 ASSORTED COLOUR TEASPOONS,7,03/15/2011 19:20,5.36,17253.0,United Kingdom
536572,85099B,JUMBO BAG RED RETROSPOT,17,12/08/2011 14:20,9.17,17104.0,United Kingdom
536490,85099B,JUMBO BAG RED RETROSPOT,17,03/22/2011 11:42,9.64,15411.0,United Kingdom
537152,21730,GLASS STAR FROSTED T-LIGHT HOLDER,2,06/30/2011 17:55,9.47,17899.0,United Kingdom
C537052,48187,DOORMAT NEW ENGLAND,-16,04/23/2011 07:53,15.41,12777.0,United Kingdom
536845,22310,IVORY KNITTED MUG COSY,19,02/05/2011 15:57,24.85,13764.0,France
536424,22961,JAM MAKING SET WITH JARS,4,08/27/2011 08:31,21.82,12378.0,United Kingdom
536731,84406B,CREAM CUPID HEARTS COAT HANGER,20,07/17/2011 19:33,21.76,15380.0,United Kingdom
536709,84969,BOX OF 6 ASSORTED COLOUR TEASPOONS,20,05/24/2011 17:59,6.1,17911.0,United Kingdom
537007,22623,BOX OF VINTAGE JIGSAW BLOCKS,13,05/04/2011 15:50,10.67,12413.0,United Kingdom
536461,22745,POPPY'S PLAYHOUSE BEDROOM,15,08/17/2011 08:38,1.49,17411.0,United Kingdom
536407,22623,BOX OF VINTAGE JIGSAW BLOCKS,15,09/17/2011 10:39,14.37,13014.0,Germany
537059,21730,GLASS STAR FROSTED T-LIGHT HOLDER,4,03/01/2011 13:56,6.31,16636.0,United Kingdom
537107,22623,BOX OF VINTAGE JIGSAW BLOCKS,12,04/02/2011 19:28,3.09,12701.0,United Kingdom
536990,22748,POPPY'S PLAYHOUSE KITCHEN,9,08/18/2011 07:27,23.64,12753.0,EIRE
C536607,21730,GLASS STAR FROSTED T-LIGHT HOLDER,-6,10/05/2011 07:58,21.82,15949.0,United Kingdom
536424,22622,BOX OF VINTAGE ALPHABET BLOCKS,11,08/27/2011 08:31,15.68,,United Kingdom
536991,22961,JAM MAKING SET WITH JARS,10,11/06/2011 10:13,18.18,12753.0,EIRE
536803,23299,FOOD COVER WITH BEADS SET 2,10,09/08/2011 18:19,9.55,17992.0,EIRE
536489,85099B,JUMBO BAG RED RETROSPOT,2,01/21/2011 15:49,17.7,15411.0,United Kingdom
537032,22961,JAM MAKING SET WITH JARS,4,11/05/2011 12:33,23.1,16144.0,United Kingdom
536957,22752,SET 7 BABUSHKA NESTING BOXES,11,08/22/2011 07:41,18.55,16739.0,United Kingdom
536756,71053,WHITE METAL LANTERN,20,04/12/2011 17:11,2.67,17038.0,United Kingdom
537262,21730,GLASS STAR FROSTED T-LIGHT HOLDER,17,04/26/2011 11:41,6.73,13213.0,United Kingdom
536821,21730,GLASS STAR FROSTED T-LIGHT HOLDER,19,08/24/2011 19:37,8.67,13274.0,United Kingdom
537191,22633,HAND WARMER UNION JACK,4,08/21/2011 18:02,3.99,12500.0,United Kingdom
537279,84406B,CREAM CUPID HEARTS COAT HANGER,19,08/27/2011 18:40,13.78,15506.0,United Kingdom
537161,22139,RETROSPOT TEA SET CERAMIC 11 PC,19,11/19/2011 11:36,22.48,13620.0,United Kingdom
536829,21212,PACK OF 72 RETROSPOT CAKE CASES,16,03/25/2011 11:34,17.13,14115.0,United Kingdom
536684,22748,POPPY'S PLAYHOUSE KITCHEN,18,11/23/2011 09:36,8.93,12793.0,United Kingdom
536375,22623,BOX OF VINTAGE JIGSAW BLOCKS,19,07/15/2011 14:38,23.6,18180.0,United Kingdom
536810,22139,RETROSPOT TEA SET CERAMIC 11 PC,10,02/13/2011 18:23,11.61,12575.0,Netherlands
537081,84879,ASSORTED COLOUR BIRD ORNAMENT,1,07/08/2011 18:06,7.36,15210.0,United Kingdom
537008,71053,WHITE METAL LANTERN,12,05/15/2011 15:49,14.09,12413.0,United Kingdom
537257,84029G,KNITTED UNION FLAG HOT WATER BOTTLE,15,09/17/2011 09:46,15.57,17224.0,Spain
536711,84969,BOX OF 6 ASSORTED COLOUR TEASPOONS,7,10/30/2011 06:26,18.97,17911.0,United Kingdom
536538,22748,POPPY'S PLAYHOUSE KITCHEN,18,07/20/2011 12:27,4.5,13899.0,United Kingdom
536991,22632,HAND WARMER RED POLKA DOT,20,11/06/2011 10:13,3.37,12753.0,EIRE
537098,21754,HOME BUILDING BLOCK WORD,11,02/16/2011 17:47,17.5,14779.0,United Kingdom
536916,23298,SPOTTY BUNTING,17,01/12/2011 10:53,13.8,17020.0,United Kingdom
536388,22310,IVORY KNITTED MUG COSY,8,02/26/2011 12:35,16.75,15891.0,United Kingdom
536970,22310,IVORY KNITTED MUG COSY,19,04/24/2011 11:38,9.21,12481.0,United Kingdom
537202,48187,DOORMAT NEW ENGLAND,17,10/20/2011 16:28,11.94,13883.0,United Kingdom
537243,85099C,JUMBO BAG BAROQUE BLACK WHITE,10,07/01/2011 11:56,5.92,17664.0,United Kingdom
537150,22622,BOX OF VINTAGE ALPHABET BLOCKS,9,05/15/2011 14:58,15.73,17899.0,United Kingdom
536689,22748,POPPY'S PLAYHOUSE KITCHEN,18,02/09/2011 09:33,18.76,15219.0,United Kingdom
536408,21754,HOME BUILDING BLOCK WORD,18,11/11/2011 11:17,0.67,13014.0,Germany
537033,22139,RETROSPOT TEA SET CERAMIC 11 PC,4,05/23/2011 07:40,5.21,17767.0,United Kingdom
537255,22138,BAKING SET 9 PIECE RETROSPOT,8,08/12/2011 17:16,8.26,17224.0,Spain
536822,84029G,KNITTED UNION FLAG HOT WATER BOTTLE,17,09/04/2011 13:42,5.33,13274.0,United Kingdom
536811,23299,FOOD COVER WITH BEADS SET 2,3,03/31/2011 09:54,3.34,12575.0,Netherlands
537080,85099C,JUMBO BAG BAROQUE BLACK WHITE,12,05/21/2011 07:27,16.77,15210.0,United Kingdom
536833,23298,SPOTTY BUNTING,3,05/16/2011 13:47,9.03,14115.0,United Kingdom
536498,22632,HAND WARMER RED POLKA DOT,16,10/27/2011 07:11,8.34,15411.0,United Kingdom
537084,48187,DOORMAT NEW ENGLAND,19,10/10/2011 07:58,23.8,15210.0,United Kingdom
537086,22633,HAND WARMER UNION JACK,2,12/03/2011 18:26,21.15,15210.0,United Kingdom
536635,84029E,RED WOOLLY HOTTIE WHITE HEART,7,06/01/2011 11:08,8.2,18277.0,United Kingdom
536913,22748,POPPY'S PLAYHOUSE KITCHEN,11,08/08/2011 18:32,17.86,18415.0,United Kingdom
536544,21754,HOME BUILDING BLOCK WORD,12,02/20/2011 12:32,11.55,14381.0,United Kingdom
536819,23204,GYMKHANA TREASURE BOOK BOX,9,08/16/2011 11:02,0.92,13274.0,United Kingdom
537125,22748,POPPY'S PLAYHOUSE KITCHEN,16,04/08/2011 13:52,7.34,16137.0,United Kingdom
537251,21777,RECIPE BOX WITH METAL HEART,17,03/03/2011 18:28,17.56,17224.0,Spain
536522,23203,JUMBO BAG DOILEY PATTERNS,11,10/10/2011 09:36,1.15,15977.0,Germany
537152,84879,ASSORTED COLOUR BIRD ORNAMENT,6,06/30/2011 17:55,21.74,17899.0,United Kingdom
536756,48187,DOORMAT NEW ENGLAND,18,04/12/2011 17:11,0.68,17038.0,United Kingdom
536509,22748,POPPY'S PLAYHOUSE KITCHEN,14,04/07/2011 14:14,14.03,13893.0,United Kingdom
536770,22748,POPPY'S PLAYHOUSE KITCHEN,16,06/22/2011 17:08,15.4,18107.0,United Kingdom
536814,21730,GLASS STAR FROSTED T-LIGHT HOLDER,3,09/18/2011 10:39,16.6,12575.0,Netherlands
537173,20726,LUNCH BAG WOODLAND,14,05/20/2011 17:55,1.61,16911.0,United Kingdom
536707,23204,GYMKHANA TREASURE BOOK BOX,8,11/15/2011 16:14,14.44,12224.0,United Kingdom
536781,22752,Next Day Carriage,20,05/29/2011 18:13,21.98,17816.0,United Kingdom
536419,23299,FOOD COVER WITH BEADS SET 2,12,04/12/2011 19:00,15.66,12378.0,United Kingdom
536722,23299,FOOD COVER WITH BEADS SET 2,3,07/31/2011 17:13,12.26,16306.0,France
536601,22960,JAM MAKING SET PRINTED,10,03/07/2011 06:02,3.58,15949.0,United Kingdom
537267,22752,SET 7 BABUSHKA NESTING BOXES,16,02/23/2011 16:20,1.0,17802.0,United Kingdom
537022,22632,HAND WARMER RED POLKA DOT,4,10/04/2011 10:30,24.21,16742.0,United Kingdom
537191,22633,HAND WARMER UNION JACK,6,08/21/2011 18:02,9.39,12500.0,United Kingdom
536388,22138,BAKING SET 9 PIECE RETROSPOT,19,02/26/2011 12:35,13.95,15891.0,United Kingdom
537003,21754,HOME BUILDING BLOCK WORD,18,10/08/2011 13:52,3.43,14151.0,United Kingdom
536995,23298,SPOTTY BUNTING,15,10/21/2011 10:13,12.75,17610.0,United Kingdom
536575,23203,JUMBO BAG DOILEY PATTERNS,19,04/04/2011 08:58,2.89,13298.0,United Kingdom
537193,22138,BAKING SET 9 PIECE RETROSPOT,19,12/04/2011 13:21,9.3,12500.0,United Kingdom
536394,22749,FELTCRAFT PRINCESS CHARLOTTE DOLL,12,08/07/2011 18:34,10.98,15891.0,United Kingdom
536716,48187,DOORMAT NEW ENGLAND,6,12/04/2011 14:08,18.01,13682.0,United Kingdom
536648,84879,ASSORTED COLOUR BIRD ORNAMENT,20,06/26/2011 16:26,2.78,13980.0,United Kingdom
536370,20726,LUNCH BAG WOODLAND,5,01/23/2011 12:56,6.9,18180.0,United Kingdom
537218,22745,POPPY'S PLAYHOUSE BEDROOM,14,03/15/2011 19:20,24.68,17253.0,United Kingdom
537187,20726,LUNCH BAG WOODLAND,15,05/09/2011 14:55,6.42,12500.0,United Kingdom
536798,20726,LUNCH BAG WOODLAND,19,04/29/2011 18:24,18.91,17992.0,EIRE
536547,85099B,JUMBO BAG RED RETROSPOT,3,04/05/2011 10:10,3.67,14381.0,United Kingdom
537254,23299,FOOD COVER WITH BEADS SET 2,19,07/06/2011 09:15,10.2,17224.0,Spain
536586,85123A,WHITE HANGING HEART T-LIGHT HOLDER,20,01/27/2011 14:20,14.8,15851.0,United Kingdom
536722,84029G,KNITTED UNION FLAG HOT WATER BOTTLE,4,07/31/2011 17:13,14.41,16306.0,France
536400,23204,GYMKHANA TREASURE BOOK BOX,13,04/22/2011 06:13,22.57,13014.0,Germany
536837,21754,HOME BUILDING BLOCK WORD,10,10/05/2011 19:43,18.69,14115.0,United Kingdom
536974,21755,LOVE BUILDING BLOCK WORD,18,08/27/2011 11:44,7.06,12481.0,United Kingdom
537265,22745,POPPY'S PLAYHOUSE BEDROOM,4,01/14/2011 10:06,12.6,17802.0,United Kingdom
536573,22748,POPPY'S PLAYHOUSE KITCHEN,6,01/23/2011 11:59,6.21,13298.0,United Kingdom
536691,22748,POPPY'S PLAYHOUSE KITCHEN,18,03/05/2011 08:50,10.25,15219.0,United Kingdom
536594,21755,LOVE BUILDING BLOCK WORD,10,08/31/2011 16:53,17.17,12302.0,United Kingdom
537057,22139,RETROSPOT TEA SET CERAMIC 11 PC,7,09/25/2011 07:22,0.0,12777.0,United Kingdom
536993,23203,JUMBO BAG DOILEY PATTERNS,16,03/31/2011 10:02,17.18,17610.0,United Kingdom
536437,22632,HAND WARMER RED POLKA DOT,19,10/23/2011 16:22,5.44,15907.0,United Kingdom
536511,22961,JAM MAKING SET WITH JARS,3,07/03/2011 10:13,23.0,13893.0,United Kingdom
536852,20726,LUNCH BAG WOODLAND,6,07/02/2011 11:16,19.67,17387.0,United Kingdom
536902,84029E,RED WOOLLY HOTTIE WHITE HEART,5,05/30/2011 11:56,1.94,12485.0,United Kingdom
537072,21754,HOME BUILDING BLOCK WORD,5,09/12/2011 08:05,24.8,15648.0,United Kingdom
536825,BANK CHARGES,CREAM CUPID HEARTS COAT HANGER,16,09/14/2011 16:57,19.57,12294.0,United Kingdom
536858,23204,gymkhana treasure book box,16,11/30/2011 19:55,3.28,17387.0,United Kingdom
536447,23298,,4,06/16/2011 15:28,8.87,12134.0,United Kingdom
537164,84879,ASSORTED COLOUR BIRD ORNAMENT,7,03/08/2011 09:36,22.03,14667.0,United Kingdom
536840,22139,RETROSPOT TEA SET CERAMIC 11 PC,10,05/09/2011 15:42,24.35,14526.0,United Kingdom
536983,20725,LUNCH BAG RED RETROSPOT,6,10/30/2011 16:53,3.84,14330.0,United Kingdom
536821,21777,,14,08/24/2011 19:37,16.66,13274.0,United Kingdom
536575,84879,ASSORTED COLOUR BIRD ORNAMENT,4,04/04/2011 08:58,21.14,13298.0,United Kingdom
536508,22310,IVORY KNITTED MUG COSY,2,03/29/2011 17:55,3.85,13893.0,United Kingdom
536377,23299,FOOD COVER WITH BEADS SET 2,15,09/22/2011 13:57,3.38,18180.0,United Kingdom
537191,22961,JAM MAKING SET WITH JARS,5,08/21/2011 18:02,22.77,12500.0,United Kingdom
C536618,22623,BOX OF VINTAGE JIGSAW BLOCKS,-9,05/04/2011 06:35,10.16,12423.0,United Kingdom
537232,84879,ASSORTED COLOUR BIRD ORNAMENT,19,02/27/2011 18:57,18.45,16117.0,United Kingdom
536477,22745,POPPY'S PLAYHOUSE BEDROOM,6,09/26/2011 10:54,19.85,13192.0,EIRE
536833,23204,GYMKHANA TREASURE BOOK BOX,11,05/16/2011 13:47,17.98,14115.0,United Kingdom
536633,22752,SET 7 BABUSHKA NESTING BOXES,10,01/28/2011 12:50,5.56,18277.0,United Kingdom
536797,21755,LOVE BUILDING BLOCK WORD,6,02/13/2011 18:28,20.14,17992.0,EIRE
537046,21212,PACK OF 72 RETROSPOT CAKE CASES,20,10/15/2011 12:59,18.71,15069.0,United Kingdom
537183,21754,HOME BUILDING BLOCK WORD,11,03/15/2011 19:07,19.28,12500.0,United Kingdom
536820,22138,BAKING SET 9 PIECE RETROSPOT,14,08/21/2011 16:13,5.36,13274.0,United Kingdom
537257,22745,POPPY'S PLAYHOUSE BEDROOM,1,09/17/2011 09:46,14.13,17224.0,Spain
536770,23299,FOOD COVER WITH BEADS SET 2,15,06/22/2011 17:08,10.51,18107.0,United Kingdom
536475,85099C,JUMBO BAG BAROQUE BLACK WHITE,7,02/21/2011 14:07,3.42,13192.0,EIRE
536395,22748,POPPY'S PLAYHOUSE KITCHEN,20,08/25/2011 16:47,14.35,15891.0,United Kingdom
537260,22748,POPPY'S PLAYHOUSE KITCHEN,6,11/28/2011 15:20,1.14,17224.0,Spain
536804,22633,HAND WARMER UNION JACK,14,10/02/2011 15:44,11.69,17992.0,EIRE
537126,21212,PACK OF 72 RETROSPOT CAKE CASES,3,08/19/2011 09:00,12.43,16137.0,United Kingdom
537140,23204,GYMKHANA TREASURE BOOK BOX,13,04/20/2011 08:47,0.65,15306.0,United Kingdom
536461,22139,RETROSPOT TEA SET CERAMIC 11 PC,5,08/17/2011 08:38,4.39,17411.0,United Kingdom
536639,84879,ASSORTED COLOUR BIRD ORNAMENT,16,10/08/2011 11:32,23.41,18277.0,United Kingdom
536368,21755,LOVE BUILDING BLOCK WORD,20,04/07/2011 07:35,22.1,14435.0,United Kingdom
536892,22748,POPPY'S PLAYHOUSE KITCHEN,1,01/05/2011 13:48,3.47,17214.0,United Kingdom
536659,23299,FOOD COVER WITH BEADS SET 2,18,03/30/2011 17:14,0.66,16448.0,United Kingdom
537172,22961,JAM MAKING SET WITH JARS,19,05/14/2011 08:00,6.73,16911.0,United Kingdom
537051,85123A,WHITE HANGING HEART T-LIGHT HOLDER,15,03/06/2011 11:37,7.38,12777.0,United Kingdom
536673,22139,RETROSPOT TEA SET CERAMIC 11 PC,13,10/02/2011 13:48,5.82,,United Kingdom
537213,22633,HAND WARMER UNION JACK,18,03/22/2011 18:34,4.29,18043.0,United Kingdom
536420,22623,BOX OF VINTAGE JIGSAW BLOCKS,6,04/21/2011 16:38,8.03,12378.0,United Kingdom
536971,21754,HOME BUILDING BLOCK WORD,7,05/14/2011 12:04,0.0,12481.0,United Kingdom
536479,84969,BOX OF 6 ASSORTED COLOUR TEASPOONS,12,01/29/2011 15:11,23.61,13978.0,France
537155,22752,SET 7 BABUSHKA NESTING BOXES,19,05/21/2011 08:40,23.19,13620.0,United Kingdom
536547,22745,POPPY'S PLAYHOUSE BEDROOM,2,04/05/2011 10:10,10.12,14381.0,United Kingdom
536525,23204,GYMKHANA TREASURE BOOK BOX,13,02/09/2011 07:38,19.49,12907.0,United Kingdom
536855,23203,JUMBO BAG DOILEY PATTERNS,10,08/21/2011 16:44,2.57,17387.0,United Kingdom
536775,20726,LUNCH BAG WOODLAND,15,11/27/2011 13:11,10.66,18107.0,United Kingdom
537032,20726,LUNCH BAG WOODLAND,14,11/05/2011 12:33,9.55,16144.0,United Kingdom
537216,22961,JAM MAKING SET WITH JARS,15,11/30/2011 08:41,13.34,18043.0,United Kingdom
536452,84029E,RED WOOLLY HOTTIE WHITE HEART,16,04/19/2011 13:48,11.25,18304.0,Germany
536800,22622,BOX OF VINTAGE ALPHABET BLOCKS,16,08/01/2011 13:07,24.27,17992.0,EIRE
536796,22752,SET 7 BABUSHKA NESTING BOXES,7,02/11/2011 12:23,18.24,17992.0,EIRE
536958,22749,FELTCRAFT PRINCESS CHARLOTTE DOLL,13,09/12/2011 07:36,24.41,16739.0,United Kingdom
537101,22139,RETROSPOT TEA SET CERAMIC 11 PC,16,04/17/2011 12:19,0.88,12165.0,United Kingdom
537036,22139,RETROSPOT TEA SET CERAMIC 11 PC,6,08/12/2011 15:20,10.29,17767.0,United Kingdom
536576,84969,BOX OF 6 ASSORTED COLOUR TEASPOONS,19,10/08/2011 11:11,2.97,13298.0,United Kingdom
536984,21730,GLASS STAR FROSTED T-LIGHT HOLDER,1,02/27/2011 08:20,3.51,12753.0,EIRE
536783,22310,IVORY KNITTED MUG COSY,8,06/10/2011 16:30,8.26,17816.0,United Kingdom
536743,22310,IVORY KNITTED MUG COSY,11,06/14/2011 13:12,7.76,15554.0,Germany
C536517,84029G,KNITTED UNION FLAG HOT WATER BOTTLE,-20,03/02/2011 13:23,16.03,15977.0,Germany
536822,23299,FOOD COVER WITH BEADS SET 2,6,09/04/2011 13:42,14.54,13274.0,United Kingdom
537032,21755,LOVE BUILDING BLOCK WORD,14,11/05/2011 12:33,15.94,16144.0,United Kingdom
537149,85123A,WHITE HANGING HEART T-LIGHT HOLDER,7,05/12/2011 09:39,11.24,17899.0,United Kingdom
C536517,23204,GYMKHANA TREASURE BOOK BOX,-1,03/02/2011 13:23,0.83,15977.0,Germany
537167,22748,POPPY'S PLAYHOUSE KITCHEN,8,08/12/2011 17:55,9.46,14667.0,United Kingdom
537033,20725,LUNCH BAG RED RETROSPOT,17,05/23/2011 07:40,14.65,17767.0,United Kingdom
536753,20726,LUNCH BAG WOODLAND,13,06/24/2011 06:10,12.08,18302.0,United Kingdom
536819,20726,LUNCH BAG WOODLAND,14,08/16/2011 11:02,14.33,13274.0,United Kingdom
537040,22139,RETROSPOT TEA SET CERAMIC 11 PC,9,02/27/2011 18:51,16.56,,United Kingdom
537186,23204,GYMKHANA TREASURE BOOK BOX,1,05/01/2011 09:08,8.38,12500.0,United Kingdom
536540,85099C,JUMBO BAG BAROQUE BLACK WHITE,18,09/16/2011 08:49,12.92,13899.0,United Kingdom
536666,22748,POPPY'S PLAYHOUSE KITCHEN,10,03/11/2011 11:01,9.11,14861.0,United Kingdom
536528,85099C,JUMBO BAG BAROQUE BLACK WHITE,19,08/07/2011 10:47,19.56,12907.0,United Kingdom
536981,85099C,JUMBO BAG BAROQUE BLACK WHITE,1,07/01/2011 11:00,4.23,14330.0,United Kingdom
536975,84029G,KNITTED UNION FLAG HOT WATER BOTTLE,12,08/30/2011 08:09,17.74,12481.0,United Kingdom
537018,23298,SPOTTY BUNTING,17,10/10/2011 19:54,24.71,14114.0,United Kingdom
536398,85099B,JUMBO BAG RED RETROSPOT,15,02/14/2011 12:53,6.77,13014.0,Germany
536881,22310,IVORY KNITTED MUG COSY,8,04/19/2011 06:07,20.73,15528.0,EIRE
536839,22310,IVORY KNITTED MUG COSY,13,01/07/2011 17:25,17.76,14526.0,United Kingdom
536562,22752,SET 7 BABUSHKA NESTING BOXES,19,03/27/2011 12:44,2.76,17104.0,United Kingdom
536990,22138,BAKING SET 9 PIECE RETROSPOT,19,08/18/2011 07:27,13.37,12753.0,EIRE
537184,85099C,JUMBO BAG BAROQUE BLACK WHITE,15,04/13/2011 16:40,7.43,12500.0,United Kingdom
536706,23203,JUMBO BAG DOILEY PATTERNS,5,11/13/2011 10:15,2.57,12224.0,United Kingdom
536841,22961,JAM MAKING SET WITH JARS,15,06/08/2011 08:16,3.65,14526.0,United Kingdom
537146,84969,BOX OF 6 ASSORTED COLOUR TEASPOONS,7,10/22/2011 18:54,2.66,15306.0,United Kingdom
537021,22138,BAKING SET 9 PIECE RETROSPOT,12,07/09/2011 10:36,2.6,16742.0,United Kingdom
537159,22745,POPPY'S PLAYHOUSE BEDROOM,2,10/11/2011 11:49,23.67,13620.0,United Kingdom
536888,23298,SPOTTY BUNTING,7,03/28/2011 19:40,19.58,12916.0,United Kingdom
536862,84879,ASSORTED COLOUR BIRD ORNAMENT,17,04/13/2011 18:22,15.21,14319.0,United Kingdom
C536561,85123A,WHITE HANGING HEART T-LIGHT HOLDER,-11,02/24/2011 11:40,0.46,17104.0,United Kingdom
537197,23298,SPOTTY BUNTING,3,04/01/2011 18:07,7.07,13883.0,United Kingdom
536443,21777,RECIPE BOX WITH METAL HEART,12,09/25/2011 07:47,2.96,16602.0,EIRE
536689,22623,,19,02/09/2011 09:33,15.73,15219.0,United Kingdom
536699,23299,FOOD COVER WITH BEADS SET 2,8,05/13/2011 15:47,6.35,12224.0,United Kingdom
536912,23298,SPOTTY BUNTING,19,07/25/2011 09:58,22.11,18415.0,United Kingdom
536801,22632,HAND WARMER RED POLKA DOT,12,08/18/2011 14:46,4.42,17992.0,EIRE
536682,84029G,KNITTED UNION FLAG HOT WATER BOTTLE,2,10/02/2011 08:31,9.12,12793.0,United Kingdom
537237,84969,BOX OF 6 ASSORTED COLOUR TEASPOONS,1,12/05/2011 14:05,5.28,16117.0,United Kingdom
537261,85099C,JUMBO BAG BAROQUE BLACK WHITE,3,02/05/2011 12:44,4.94,13213.0,United Kingdom
537067,22961,JAM MAKING SET WITH JARS,17,11/29/2011 10:42,19.38,,United Kingdom
536998,71053,WHITE METAL LANTERN,18,08/10/2011 10:46,16.51,16051.0,United Kingdom
536949,23204,GYMKHANA TREASURE BOOK BOX,15,06/19/2011 15:52,15.76,16595.0,United Kingdom
536571,71053,WHITE METAL LANTERN,13,11/30/2011 06:05,19.56,17104.0,United Kingdom
536737,22622,BOX OF VINTAGE ALPHABET BLOCKS,12,10/24/2011 07:59,10.02,15380.0,United Kingdom
537179,84406B,CREAM CUPID HEARTS COAT HANGER,20,05/11/2011 17:49,10.18,13487.0,United Kingdom
536650,85099B,JUMBO BAG RED RETROSPOT,8,08/25/2011 11:37,22.7,13980.0,United Kingdom
C536421,23204,GYMKHANA TREASURE BOOK BOX,-16,04/24/2011 07:14,24.42,12378.0,United Kingdom
537236,22633,HAND WARMER UNION JACK,4,11/04/2011 13:53,13.9,16117.0,United Kingdom
C537219,22139,RETROSPOT TEA SET CERAMIC 11 PC,-1,04/25/2011 07:53,11.29,17253.0,United Kingdom
537029,48187,DOORMAT NEW ENGLAND,1,06/10/2011 17:52,4.1,16144.0,United Kingdom
536661,22632,HAND WARMER RED POLKA DOT,2,04/29/2011 19:17,13.29,16448.0,United Kingdom
536949,22748,POPPY'S PLAYHOUSE KITCHEN,7,06/19/2011 15:52,6.77,16595.0,United Kingdom
536820,22961,JAM MAKING SET WITH JARS,16,08/21/2011 16:13,12.73,13274.0,United Kingdom
536511,22138,BAKING SET 9 PIECE RETROSPOT,3,07/03/2011 10:13,13.53,13893.0,United Kingdom
537211,22622,BOX OF VINTAGE ALPHABET BLOCKS,18,11/15/2011 09:35,13.42,13048.0,United Kingdom
C536911,22633,HAND WARMER UNION JACK,-11,07/17/2011 08:24,23.34,18415.0,United Kingdom
537092,84029G,KNITTED UNION FLAG HOT WATER BOTTLE,5,05/12/2011 07:37,5.42,15398.0,Germany
536587,21730,GLASS STAR FROSTED T-LIGHT HOLDER,10,04/01/2011 07:36,21.66,15851.0,United Kingdom
536506,23203,JUMBO BAG DOILEY PATTERNS,17,09/28/2011 07:43,3.54,14808.0,United Kingdom
536497,22749,FELTCRAFT PRINCESS CHARLOTTE DOLL,4,08/14/2011 13:17,8.52,15411.0,United Kingdom
536553,23298,SPOTTY BUNTING,14,08/31/2011 14:18,10.79,14381.0,United Kingdom
536693,20725,Next Day Carriage,13,04/23/2011 11:38,0.42,15219.0,United Kingdom
536777,84406B,CREAM CUPID HEARTS COAT HANGER,16,01/09/2011 15:57,18.38,17816.0,United Kingdom
536475,84029E,RED WOOLLY HOTTIE WHITE HEART,15,02/21/2011 14:07,4.65,13192.0,EIRE
537031,20726,LUNCH BAG WOODLAND,14,08/10/2011 12:13,10.47,16144.0,United Kingdom
536862,84406B,cream cupid hearts coat hanger,18,04/13/2011 18:22,6.97,,United Kingdom
536636,22138,BAKING SET 9 PIECE RETROSPOT,11,08/25/2011 08:36,23.89,18277.0,United Kingdom
536500,20726,LUNCH BAG WOODLAND,20,11/30/2011 13:09,9.57,15411.0,United Kingdom
537277,21755,LOVE BUILDING BLOCK WORD,18,05/10/2011 09:21,4.36,15506.0,United Kingdom
536864,23204,GYMKHANA TREASURE BOOK BOX,1,05/01/2011 18:32,6.43,14319.0,United Kingdom
536608,21754,HOME BUILDING BLOCK WORD,3,01/19/2011 13:39,9.54,13108.0,United Kingdom
536530,22960,JAM MAKING SET PRINTED,6,09/12/2011 13:37,16.26,12907.0,United Kingdom
536432,23204,GYMKHANA TREASURE BOOK BOX,6,08/23/2011 11:47,5.34,17630.0,United Kingdom
536609,22748,POPPY'S PLAYHOUSE KITCHEN,20,02/05/2011 18:26,9.72,13108.0,United Kingdom
537094,71053,WHITE METAL LANTERN,7,07/18/2011 13:08,13.5,15398.0,Germany
536669,71053,WHITE METAL LANTERN,5,07/11/2011 10:38,18.24,14861.0,United Kingdom
536604,22310,IVORY KNITTED MUG COSY,1,05/04/2011 15:03,7.79,15949.0,United Kingdom
537023,22138,BAKING SET 9 PIECE RETROSPOT,17,10/26/2011 08:28,21.1,16742.0,United Kingdom
536489,22623,BOX OF VINTAGE JIGSAW BLOCKS,2,01/21/2011 15:49,14.44,15411.0,United Kingdom
537173,21755,LOVE BUILDING BLOCK WORD,1,05/20/2011 17:55,13.71,16911.0,United Kingdom
537110,22310,IVORY KNITTED MUG COSY,11,09/28/2011 06:06,12.92,12701.0,United Kingdom
536369,22138,BAKING SET 9 PIECE RETROSPOT,6,09/11/2011 10:29,9.48,14435.0,United Kingdom
537271,21755,LOVE BUILDING BLOCK WORD,1,10/09/2011 07:59,22.56,17802.0,United Kingdom
536909,22960,JAM MAKING SET PRINTED,1,05/27/2011 08:52,14.0,18415.0,United Kingdom
537006,22960,JAM MAKING SET PRINTED,11,03/22/2011 19:04,12.52,12413.0,United Kingdom
536935,84969,BOX OF 6 ASSORTED COLOUR TEASPOONS,3,11/12/2011 09:29,16.53,13292.0,United Kingdom
537148,22138,BAKING SET 9 PIECE RETROSPOT,15,04/20/2011 19:13,19.29,17899.0,United Kingdom
536951,85123A,WHITE HANGING HEART T-LIGHT HOLDER,13,07/23/2011 18:06,15.18,16595.0,United Kingdom
536470,22633,HAND WARMER UNION JACK,12,03/04/2011 11:17,11.12,13182.0,United Kingdom
536749,84029E,RED WOOLLY HOTTIE WHITE HEART,18,10/16/2011 07:09,19.96,13202.0,United Kingdom
536438,22310,IVORY KNITTED MUG COSY,8,11/27/2011 09:37,8.46,15907.0,United Kingdom
536534,21212,PACK OF 72 RETROSPOT CAKE CASES,13,05/30/2011 13:37,0.53,13899.0,United Kingdom
C536600,22745,POPPY'S PLAYHOUSE BEDROOM,-19,03/06/2011 09:48,19.13,15949.0,United Kingdom
536505,23204,GYMKHANA TREASURE BOOK BOX,12,08/23/2011 18:41,24.73,14808.0,United Kingdom
536382,22752,SET 7 BABUSHKA NESTING BOXES,6,03/01/2011 19:33,2.1,16758.0,United Kingdom
536379,21730,GLASS STAR FROSTED T-LIGHT HOLDER,2,10/10/2011 06:43,10.28,18180.0,United Kingdom
536756,85123A,WHITE HANGING HEART T-LIGHT HOLDER,3,04/12/2011 17:11,0.71,17038.0,United Kingdom
537058,22632,HAND WARMER RED POLKA DOT,8,09/29/2011 17:29,22.86,12777.0,United Kingdom
537179,22748,POPPY'S PLAYHOUSE KITCHEN,9,05/11/2011 17:49,12.7,13487.0,United Kingdom
536438,22748,POPPY'S PLAYHOUSE KITCHEN,4,11/27/2011 09:37,16.6,15907.0,United Kingdom
536825,21754,HOME BUILDING BLOCK WORD,18,09/14/2011 16:57,4.73,12294.0,United Kingdom
537181,20726,LUNCH BAG WOODLAND,19,09/19/2011 17:38,10.72,13487.0,United Kingdom
537137,22310,IVORY KNITTED MUG COSY,18,10/28/2011 17:53,19.87,14043.0,United Kingdom
536644,85099B,JUMBO BAG RED RETROSPOT,16,05/12/2011 13:43,5.58,17255.0,United Kingdom
536430,21755,LOVE BUILDING BLOCK WORD,1,03/28/2011 19:30,24.36,17630.0,United Kingdom
537109,22138,BAKING SET 9 PIECE RETROSPOT,16,07/10/2011 12:04,23.49,12701.0,United Kingdom
537155,85123A,WHITE HANGING HEART T-LIGHT HOLDER,10,05/21/2011 08:40,7.12,13620.0,United Kingdom
536875,20726,LUNCH BAG WOODLAND,16,10/27/2011 17:32,1.22,13826.0,United Kingdom
537029,48187,DOORMAT NEW ENGLAND,4,06/10/2011 17:52,19.81,16144.0,United Kingdom
537099,23204,GYMKHANA TREASURE BOOK BOX,20,03/06/2011 11:57,12.32,14779.0,United Kingdom
536697,23298,SPOTTY BUNTING,3,02/14/2011 12:03,5.86,12224.0,United Kingdom
536414,22748,POPPY'S PLAYHOUSE KITCHEN,18,07/03/2011 08:15,2.26,13014.0,United Kingdom
536422,23298,SPOTTY BUNTING,9,06/07/2011 08:24,20.51,12378.0,United Kingdom
536980,21730,GLASS STAR FROSTED T-LIGHT HOLDER,1,03/21/2011 12:13,8.98,14330.0,United Kingdom
537082,22960,JAM MAKING SET PRINTED,17,08/23/2011 06:10,21.37,15210.0,United Kingdom
536896,71053,WHITE METAL LANTERN,18,08/11/2011 14:46,15.46,17214.0,United Kingdom
536552,23299,FOOD COVER WITH BEADS SET 2,1,07/06/2011 15:04,24.58,14381.0,United Kingdom
537268,22748,POPPY'S PLAYHOUSE KITCHEN,11,03/05/2011 13:39,18.52,17802.0,United Kingdom
537034,84969,BOX OF 6 ASSORTED COLOUR TEASPOONS,17,06/21/2011 12:58,7.36,17767.0,United Kingdom
536900,22623,BOX OF VINTAGE JIGSAW BLOCKS,3,01/12/2011 09:06,19.41,12485.0,United Kingdom
536872,20726,LUNCH BAG WOODLAND,11,08/30/2011 07:28,24.48,13826.0,United Kingdom
536940,22623,BOX OF VINTAGE JIGSAW BLOCKS,8,08/06/2011 11:21,15.31,12036.0,United Kingdom
536672,20726,LUNCH BAG WOODLAND,19,09/12/2011 14:11,11.07,14861.0,United Kingdom
536830,22138,BAKING SET 9 PIECE RETROSPOT,10,03/26/2011 11:30,0.94,14115.0,United Kingdom
536688,21730,GLASS STAR FROSTED T-LIGHT HOLDER,4,02/06/2011 17:56,18.17,,United Kingdom
536655,84406B,CREAM CUPID HEARTS COAT HANGER,20,05/07/2011 06:49,12.92,12635.0,United Kingdom
536889,22623,BOX OF VINTAGE JIGSAW BLOCKS,18,04/17/2011 08:50,23.74,12916.0,United Kingdom
536925,22745,POPPY'S PLAYHOUSE BEDROOM,20,06/27/2011 16:30,14.5,17020.0,United Kingdom
536648,85123A,WHITE HANGING HEART T-LIGHT HOLDER,14,06/26/2011 16:26,13.2,13980.0,United Kingdom
536543,21754,HOME BUILDING BLOCK WORD,5,01/24/2011 19:06,17.59,14381.0,United Kingdom
536578,22139,RETROSPOT TEA SET CERAMIC 11 PC,4,12/08/2011 07:22,20.71,13298.0,United Kingdom
C536877,23204,GYMKHANA TREASURE BOOK BOX,-2,11/05/2011 08:50,23.35,13826.0,United Kingdom
537027,23299,FOOD COVER WITH BEADS SET 2,7,05/16/2011 19:26,16.81,16144.0,United Kingdom
536944,22749,FELTCRAFT PRINCESS CHARLOTTE DOLL,1,10/01/2011 07:21,0.73,17300.0,United Kingdom
536817,71053,WHITE METAL LANTERN,11,06/18/2011 11:03,9.74,13274.0,United Kingdom
536851,23204,GYMKHANA TREASURE BOOK BOX,4,06/27/2011 14:27,11.79,17387.0,United Kingdom
536659,22310,IVORY KNITTED MUG COSY,19,03/30/2011 17:14,7.01,16448.0,United Kingdom
537222,23204,GYMKHANA TREASURE BOOK BOX,13,07/18/2011 12:51,23.96,17253.0,United Kingdom
536947,21212,PACK OF 72 RETROSPOT CAKE CASES,6,05/14/2011 12:25,20.73,16595.0,United Kingdom
536400,85123A,WHITE HANGING HEART T-LIGHT HOLDER,12,04/22/2011 06:13,7.73,13014.0,Germany
537260,85123A,WHITE HANGING HEART T-LIGHT HOLDER,20,11/28/2011 15:20,1.72,17224.0,Spain
537223,21777,RECIPE BOX WITH METAL HEART,8,08/18/2011 10:53,24.89,17253.0,United Kingdom
536521,48187,DOORMAT NEW ENGLAND,1,10/01/2011 13:17,23.96,15977.0,Germany
537072,85099B,JUMBO BAG RED RETROSPOT,12,09/12/2011 08:05,6.51,15648.0,United Kingdom
536499,23298,SPOTTY BUNTING,10,11/05/2011 12:43,17.32,15411.0,United Kingdom
536910,22623,BOX OF VINTAGE JIGSAW BLOCKS,6,06/04/2011 08:14,5.22,18415.0,United Kingdom
537017,23298,SPOTTY BUNTING,4,08/27/2011 14:12,12.71,14114.0,United Kingdom
537000,22632,HAND WARMER RED POLKA DOT,1,03/05/2011 08:41,15.19,14151.0,United Kingdom
537090,21755,LOVE BUILDING BLOCK WORD,9,03/31/2011 06:38,9.98,15398.0,Germany
536907,85099B,JUMBO BAG RED RETROSPOT,15,03/11/2011 09:50,15.1,18415.0,United Kingdom
537109,21755,LOVE BUILDING BLOCK WORD,20,07/10/2011 12:04,1.18,12701.0,United Kingdom
536678,20725,LUNCH BAG RED RETROSPOT,8,04/20/2011 19:00,18.48,12793.0,United Kingdom
536683,22960,JAM MAKING SET PRINTED,15,10/17/2011 18:06,18.37,12793.0,United Kingdom
536943,84879,ASSORTED COLOUR BIRD ORNAMENT,16,07/09/2011 17:27,0.9,17300.0,United Kingdom
536533,22961,JAM MAKING SET WITH JARS,4,05/19/2011 07:01,17.0,13899.0,United Kingdom
536684,20726,LUNCH BAG WOODLAND,9,11/23/2011 09:36,21.66,12793.0,United Kingdom
536706,71053,WHITE METAL LANTERN,18,11/13/2011 10:15,23.65,12224.0,United Kingdom
536766,84029E,,4,03/26/2011 08:31,3.22,18107.0,United Kingdom
536799,21777,RECIPE BOX WITH METAL HEART,16,06/15/2011 19:37,14.11,17992.0,EIRE
536636,22961,JAM MAKING SET WITH JARS,16,08/25/2011 08:36,11.75,18277.0,United Kingdom
536524,23298,SPOTTY BUNTING,14,01/06/2011 18:17,2.95,12907.0,United Kingdom
536818,84029G,KNITTED UNION FLAG HOT WATER BOTTLE,8,07/17/2011 12:22,6.48,13274.0,United Kingdom
536889,85099B,JUMBO BAG RED RETROSPOT,9,04/17/2011 08:50,15.06,12916.0,United Kingdom
537072,22139,RETROSPOT TEA SET CERAMIC 11 PC,14,09/12/2011 08:05,10.19,15648.0,United Kingdom
536755,22623,BOX OF VINTAGE JIGSAW BLOCKS,19,04/03/2011 11:17,19.28,17038.0,United Kingdom
536574,22748,POPPY'S PLAYHOUSE KITCHEN,16,03/19/2011 14:19,1.35,13298.0,United Kingdom
536923,84029E,RED WOOLLY HOTTIE WHITE HEART,13,06/06/2011 16:57,7.37,17020.0,United Kingdom
537197,85123A,WHITE HANGING HEART T-LIGHT HOLDER,17,04/01/2011 18:07,22.41,13883.0,United Kingdom
536541,22623,BOX OF VINTAGE JIGSAW BLOCKS,10,11/28/2011 14:52,21.84,13899.0,United Kingdom
537033,22310,IVORY KNITTED MUG COSY,8,05/23/2011 07:40,19.44,17767.0,United Kingdom
536378,85099B,JUMBO BAG RED RETROSPOT,8,10/04/2011 06:14,19.63,18180.0,United Kingdom
536367,21730,GLASS STAR FROSTED T-LIGHT HOLDER,12,03/21/2011 11:17,21.17,14435.0,United Kingdom
537079,20725,LUNCH BAG RED RETROSPOT,13,08/05/2011 09:06,1.78,17011.0,United Kingdom
536951,22961,JAM MAKING SET WITH JARS,20,07/23/2011 18:06,10.93,16595.0,United Kingdom
536494,21755,LOVE BUILDING BLOCK WORD,11,07/19/2011 08:26,7.41,15411.0,United Kingdom
536483,21730,GLASS STAR FROSTED T-LIGHT HOLDER,11,08/10/2011 14:35,6.34,13978.0,France
537028,84879,ASSORTED COLOUR BIRD ORNAMENT,11,05/19/2011 13:34,16.68,16144.0,United Kingdom
536965,22139,RETROSPOT TEA SET CERAMIC 11 PC,9,12/06/2011 13:19,15.9,17013.0,United Kingdom
536849,21730,GLASS STAR FROSTED T-LIGHT HOLDER,12,10/26/2011 18:58,12.97,13764.0,France
537254,85099B,JUMBO BAG RED RETROSPOT,15,07/06/2011 09:15,10.57,17224.0,Spain
536612,22745,POPPY'S PLAYHOUSE BEDROOM,17,09/12/2011 16:43,21.2,13108.0,United Kingdom
537036,21212,PACK OF 72 RETROSPOT CAKE CASES,5,08/12/2011 15:20,23.42,17767.0,United Kingdom
536897,23204,GYMKHANA TREASURE BOOK BOX,9,08/20/2011 06:27,3.4,17214.0,United Kingdom
536854,23203,JUMBO BAG DOILEY PATTERNS,20,08/12/2011 10:55,18.19,17387.0,United Kingdom
536492,22310,IVORY KNITTED MUG COSY,7,04/18/2011 12:52,20.69,15411.0,United Kingdom
536475,22622,BOX OF VINTAGE ALPHABET BLOCKS,9,02/21/2011 14:07,17.65,13192.0,EIRE
537200,22633,HAND WARMER UNION JACK,15,08/20/2011 07:28,19.45,13883.0,United Kingdom
536694,48187,DOORMAT NEW ENGLAND,1,05/23/2011 09:13,19.31,15219.0,United Kingdom
537048,22310,IVORY KNITTED MUG COSY,15,01/14/2011 17:21,14.31,12777.0,United Kingdom
537268,21777,RECIPE BOX WITH METAL HEART,19,03/05/2011 13:39,18.73,17802.0,United Kingdom
537270,22748,POPPY'S PLAYHOUSE KITCHEN,8,09/01/2011 19:27,17.86,17802.0,United Kingdom
536784,22960,JAM MAKING SET PRINTED,15,06/14/2011 16:27,12.32,17816.0,United Kingdom
536385,21755,LOVE BUILDING BLOCK WORD,6,11/06/2011 09:23,11.15,16758.0,United Kingdom
537238,20726,LUNCH BAG WOODLAND,11,02/07/2011 08:34,3.75,17664.0,United Kingdom
536485,22622,BOX OF VINTAGE ALPHABET BLOCKS,12,09/22/2011 11:03,19.12,13978.0,France
537212,85099C,JUMBO BAG BAROQUE BLACK WHITE,2,03/12/2011 17:59,20.78,18043.0,United Kingdom
536379,22749,FELTCRAFT PRINCESS CHARLOTTE DOLL,18,10/10/2011 06:43,11.4,18180.0,United Kingdom
537118,20725,LUNCH BAG RED RETROSPOT,6,07/16/2011 12:20,12.87,12204.0,United Kingdom
536809,22748,POPPY'S PLAYHOUSE KITCHEN,12,02/09/2011 16:06,24.44,12575.0,Netherlands
537195,48187,DOORMAT NEW ENGLAND,17,02/25/2011 11:41,9.58,13883.0,United Kingdom
536746,23204,GYMKHANA TREASURE BOOK BOX,15,03/09/2011 08:08,22.29,13202.0,United Kingdom
536912,21755,LOVE BUILDING BLOCK WORD,5,07/25/2011 09:58,8.44,18415.0,United Kingdom
536948,21755,LOVE BUILDING BLOCK WORD,14,05/23/2011 12:44,4.6,16595.0,United Kingdom
536912,84406B,CREAM CUPID HEARTS COAT HANGER,20,07/25/2011 09:58,14.8,18415.0,United Kingdom
536591,22622,BOX OF VINTAGE ALPHABET BLOCKS,3,03/30/2011 12:40,7.4,12302.0,United Kingdom
536945,22960,JAM MAKING SET PRINTED,17,01/17/2011 18:58,0.0,16595.0,United Kingdom
C536402,85099B,JUMBO BAG RED RETROSPOT,-1,06/11/2011 12:08,18.76,13014.0,Germany
536750,22961,JAM MAKING SET WITH JARS,14,11/14/2011 13:36,9.06,13202.0,United Kingdom
536815,71053,WHITE METAL LANTERN,2,09/30/2011 13:31,24.67,12575.0,Netherlands
537160,22622,BOX OF VINTAGE ALPHABET BLOCKS,2,10/15/2011 12:22,22.99,13620.0,United Kingdom
536784,23299,FOOD COVER WITH BEADS SET 2,4,06/14/2011 16:27,11.93,17816.0,United Kingdom
537031,71053,WHITE METAL LANTERN,10,08/10/2011 12:13,22.37,16144.0,United Kingdom
537244,21730,GLASS STAR FROSTED T-LIGHT HOLDER,16,07/03/2011 12:26,6.36,17664.0,United Kingdom
536431,22632,HAND WARMER RED POLKA DOT,4,05/24/2011 06:58,22.54,17630.0,United Kingdom
536762,22752,SET 7 BABUSHKA NESTING BOXES,12,07/03/2011 11:43,13.51,17038.0,United Kingdom
537088,22961,JAM MAKING SET WITH JARS,6,03/13/2011 19:04,17.12,15398.0,Germany
536865,22745,POPPY'S PLAYHOUSE BEDROOM,3,07/27/2011 10:32,6.93,14319.0,United Kingdom
536927,22310,IVORY KNITTED MUG COSY,16,02/04/2011 07:44,10.49,13292.0,United Kingdom
536510,84879,ASSORTED COLOUR BIRD ORNAMENT,15,05/01/2011 10:54,22.81,13893.0,United Kingdom
537199,85099B,JUMBO BAG RED RETROSPOT,15,07/29/2011 10:05,2.83,13883.0,United Kingdom
536381,22310,IVORY KNITTED MUG COSY,2,01/05/2011 12:44,14.6,16758.0,United Kingdom
537176,22623,BOX OF VINTAGE JIGSAW BLOCKS,17,07/18/2011 11:29,14.35,16911.0,United Kingdom
536902,21212,PACK OF 72 RETROSPOT CAKE CASES,3,05/30/2011 11:56,2.91,12485.0,United Kingdom
536668,22961,JAM MAKING SET WITH JARS,8,06/13/2011 07:10,8.09,14861.0,United Kingdom
537204,85099B,JUMBO BAG RED RETROSPOT,20,03/10/2011 19:10,19.73,,United Kingdom
536471,48187,DOORMAT NEW ENGLAND,4,07/08/2011 14:18,2.38,13182.0,United Kingdom
537076,20726,LUNCH BAG WOODLAND,17,05/11/2011 16:00,11.69,17011.0,United Kingdom
536409,85099B,JUMBO BAG RED RETROSPOT,9,02/04/2011 14:21,18.16,13014.0,United Kingdom
537220,22310,IVORY KNITTED MUG COSY,4,05/04/2011 14:58,23.45,17253.0,United Kingdom
537173,22138,BAKING SET 9 PIECE RETROSPOT,9,05/20/2011 17:55,10.84,16911.0,United Kingdom
536926,84406B,CREAM CUPID HEARTS COAT HANGER,8,01/17/2011 09:11,22.1,13292.0,United Kingdom
536593,22310,IVORY KNITTED MUG COSY,15,06/08/2011 06:30,7.82,12302.0,United Kingdom
537255,22138,BAKING SET 9 PIECE RETROSPOT,9,08/12/2011 17:16,10.98,17224.0,Spain
536492,20725,LUNCH BAG RED RETROSPOT,9,04/18/2011 12:52,18.71,15411.0,United Kingdom
536848,23203,JUMBO BAG DOILEY PATTERNS,10,03/06/2011 15:24,16.26,13764.0,France
537190,84029G,KNITTED UNION FLAG HOT WATER BOTTLE,10,08/06/2011 07:50,20.29,12500.0,United Kingdom
536792,22633,HAND WARMER UNION JACK,1,09/11/2011 14:19,10.32,15886.0,United Kingdom
537087,22632,HAND WARMER RED POLKA DOT,1,02/28/2011 07:37,9.22,15398.0,Germany
536803,21754,HOME BUILDING BLOCK WORD,12,09/08/2011 18:19,2.77,17992.0,EIRE
536718,85099C,JUMBO BAG BAROQUE BLACK WHITE,18,02/27/2011 09:00,20.19,16306.0,France
536698,22749,FELTCRAFT PRINCESS CHARLOTTE DOLL,16,04/27/2011 15:47,10.1,12224.0,United Kingdom
537031,23298,SPOTTY BUNTING,4,08/10/2011 12:13,17.54,16144.0,United Kingdom
536936,85099B,JUMBO BAG RED RETROSPOT,3,02/05/2011 08:21,8.62,12036.0,United Kingdom
536529,84029E,RED WOOLLY HOTTIE WHITE HEART,14,09/02/2011 14:11,16.89,12907.0,United Kingdom
536661,23298,SPOTTY BUNTING,9,04/29/2011 19:17,10.16,16448.0,United Kingdom
536723,48187,DOORMAT NEW ENGLAND,9,09/08/2011 10:27,13.28,16306.0,France
536872,DOT,BOX OF VINTAGE JIGSAW BLOCKS,4,08/30/2011 07:28,8.45,13826.0,United Kingdom
536396,22961,JAM MAKING SET WITH JARS,3,10/20/2011 13:50,20.46,15891.0,United Kingdom
536842,85099C,JUMBO BAG BAROQUE BLACK WHITE,5,08/01/2011 11:59,14.02,14526.0,United Kingdom
536922,23203,JUMBO BAG DOILEY PATTERNS,3,06/03/2011 18:02,13.5,17020.0,United Kingdom
536872,22749,FELTCRAFT PRINCESS CHARLOTTE DOLL,12,08/30/2011 07:28,11.54,13826.0,United Kingdom
536468,71053,WHITE METAL LANTERN,12,10/28/2011 06:40,19.72,13380.0,United Kingdom
537147,48187,DOORMAT NEW ENGLAND,10,12/07/2011 14:51,12.67,15306.0,United Kingdom
536702,22633,HAND WARMER UNION JACK,10,09/22/2011 06:21,11.44,12224.0,United Kingdom
537134,22752,SET 7 BABUSHKA NESTING BOXES,8,07/05/2011 16:36,24.09,14043.0,United Kingdom
536781,22138,BAKING SET 9 PIECE RETROSPOT,2,05/29/2011 18:13,3.14,17816.0,United Kingdom
536395,48187,DOORMAT NEW ENGLAND,15,08/25/2011 16:47,11.23,15891.0,United Kingdom
536922,22961,JAM MAKING SET WITH JARS,19,06/03/2011 18:02,15.84,17020.0,United Kingdom
536467,22138,BAKING SET 9 PIECE RETROSPOT,3,10/03/2011 06:39,23.76,13380.0,United Kingdom
536817,22138,High Resolution Image,12,06/18/2011 11:03,20.24,13274.0,United Kingdom
536470,21212,PACK OF 72 RETROSPOT CAKE CASES,3,03/04/2011 11:17,10.96,13182.0,United Kingdom
537256,22632,HAND WARMER RED POLKA DOT,4,09/12/2011 18:34,24.44,17224.0,Spain
536934,23203,JUMBO BAG DOILEY PATTERNS,14,10/17/2011 08:46,3.38,13292.0,United Kingdom
536375,22745,POPPY'S PLAYHOUSE BEDROOM,18,07/15/2011 14:38,23.76,18180.0,United Kingdom
536665,22745,POPPY'S PLAYHOUSE BEDROOM,2,01/07/2011 14:34,5.69,14861.0,United Kingdom
536489,22139,RETROSPOT TEA SET CERAMIC 11 PC,5,01/21/2011 15:49,20.53,15411.0,United Kingdom
537053,22138,BAKING SET 9 PIECE RETROSPOT,20,05/03/2011 07:53,2.94,12777.0,United Kingdom
536590,22138,BAKING SET 9 PIECE RETROSPOT,2,11/10/2011 07:12,13.03,15851.0,United Kingdom
537133,71053,WHITE METAL LANTERN,10,06/05/2011 17:45,7.13,14043.0,United Kingdom
537270,23298,SPOTTY BUNTING,17,09/01/2011 19:27,21.21,17802.0,United Kingdom
536845,22748,POPPY'S PLAYHOUSE KITCHEN,14,02/05/2011 15:57,22.95,13764.0,France
536706,22622,BOX OF VINTAGE ALPHABET BLOCKS,13,11/13/2011 10:15,22.22,12224.0,United Kingdom
537134,21754,HOME BUILDING BLOCK WORD,16,07/05/2011 16:36,7.38,14043.0,United Kingdom
536562,22632,HAND WARMER RED POLKA DOT,8,03/27/2011 12:44,7.56,17104.0,United Kingdom
536736,20725,LUNCH BAG RED RETROSPOT,20,10/17/2011 16:03,9.13,15380.0,United Kingdom
536780,20726,LUNCH BAG WOODLAND,15,03/29/2011 15:01,19.31,17816.0,United Kingdom
536960,20726,LUNCH BAG WOODLAND,5,11/19/2011 13:43,15.14,16739.0,United Kingdom
537136,22310,IVORY KNITTED MUG COSY,16,09/25/2011 11:09,14.95,14043.0,United Kingdom
536710,85099B,JUMBO BAG RED RETROSPOT,5,09/21/2011 07:44,12.72,17911.0,United Kingdom
536578,84969,BOX OF 6 ASSORTED COLOUR TEASPOONS,6,12/08/2011 07:22,11.47,13298.0,United Kingdom
536984,22960,JAM MAKING SET PRINTED,17,02/27/2011 08:20,0.75,12753.0,EIRE
536645,84406B,CREAM CUPID HEARTS COAT HANGER,5,07/22/2011 06:15,14.46,17255.0,United Kingdom
536366,21754,HOME BUILDING BLOCK WORD,1,01/12/2011 07:37,19.0,14435.0,United Kingdom
536859,22749,FELTCRAFT PRINCESS CHARLOTTE DOLL,6,02/17/2011 19:43,15.25,14319.0,United Kingdom
536991,22749,FELTCRAFT PRINCESS CHARLOTTE DOLL,7,11/06/2011 10:13,17.67,12753.0,EIRE
537264,22749,FELTCRAFT PRINCESS CHARLOTTE DOLL,20,08/30/2011 06:00,12.62,13213.0,United Kingdom
536509,23204,GYMKHANA TREASURE BOOK BOX,10,04/07/2011 14:14,7.16,13893.0,United Kingdom
537201,20726,LUNCH BAG WOODLAND,1,10/04/2011 15:48,6.58,13883.0,United Kingdom
537108,22623,BOX OF VINTAGE JIGSAW BLOCKS,7,06/02/2011 14:04,8.4,12701.0,United Kingdom
537197,22749,FELTCRAFT PRINCESS CHARLOTTE DOLL,12,04/01/2011 18:07,16.68,13883.0,United Kingdom
536463,84969,BOX OF 6 ASSORTED COLOUR TEASPOONS,15,02/20/2011 19:07,22.08,13380.0,United Kingdom
537109,22961,JAM MAKING SET WITH JARS,14,07/10/2011 12:04,22.39,12701.0,United Kingdom
537140,22633,HAND WARMER UNION JACK,14,04/20/2011 08:47,24.8,15306.0,United Kingdom
537088,23298,SPOTTY BUNTING,12,03/13/2011 19:04,9.15,15398.0,Germany
536547,22622,BOX OF VINTAGE ALPHABET BLOCKS,3,04/05/2011 10:10,9.52,14381.0,United Kingdom
537200,22310,IVORY KNITTED MUG COSY,20,08/20/2011 07:28,12.35,13883.0,United Kingdom
537089,22632,HAND WARMER RED POLKA DOT,17,03/13/2011 15:05,7.72,15398.0,Germany
536611,84029E,RED WOOLLY HOTTIE WHITE HEART,9,08/17/2011 13:02,16.45,13108.0,United Kingdom
536772,22138,BAKING SET 9 PIECE RETROSPOT,10,09/06/2011 16:13,5.55,18107.0,United Kingdom
537017,84879,ASSORTED COLOUR BIRD ORNAMENT,1,08/27/2011 14:12,14.79,14114.0,United Kingdom
536409,23299,FOOD COVER WITH BEADS SET 2,20,02/04/2011 14:21,7.35,13014.0,United Kingdom
536471,21755,Next Day Carriage,10,07/08/2011 14:18,11.34,13182.0,United Kingdom
537235,22748,POPPY'S PLAYHOUSE KITCHEN,9,07/26/2011 11:21,8.77,16117.0,United Kingdom
536405,84406B,,12,07/12/2011 17:53,13.46,13014.0,Germany
536493,22632,HAND WARMER RED POLKA DOT,4,06/16/2011 17:17,15.49,15411.0,United Kingdom
537038,22752,SET 7 BABUSHKA NESTING BOXES,19,02/16/2011 15:45,9.78,15069.0,United Kingdom
536750,84029G,KNITTED UNION FLAG HOT WATER BOTTLE,10,11/14/2011 13:36,20.22,13202.0,United Kingdom
536447,22633,HAND WARMER UNION JACK,10,06/16/2011 15:28,17.02,12134.0,United Kingdom
536509,22139,RETROSPOT TEA SET CERAMIC 11 PC,6,04/07/2011 14:14,18.89,13893.0,United Kingdom
536476,48187,DOORMAT NEW ENGLAND,12,07/29/2011 18:43,17.79,13192.0,EIRE
536620,22748,POPPY'S PLAYHOUSE KITCHEN,17,06/06/2011 17:18,13.7,12423.0,United Kingdom
C536607,84029E,RED WOOLLY HOTTIE WHITE HEART,-4,10/05/2011 07:58,22.57,15949.0,United Kingdom
C536911,22139,RETROSPOT TEA SET CERAMIC 11 PC,-12,07/17/2011 08:24,8.2,18415.0,United Kingdom
536773,48187,DOORMAT NEW ENGLAND,8,09/30/2011 08:10,19.49,18107.0,United Kingdom
536648,85099B,JUMBO BAG RED RETROSPOT,20,06/26/2011 16:26,15.1,13980.0,United Kingdom
536979,22138,BAKING SET 9 PIECE RETROSPOT,4,01/29/2011 11:03,8.69,14330.0,United Kingdom
537094,85099C,JUMBO BAG BAROQUE BLACK WHITE,17,07/18/2011 13:08,5.93,15398.0,Germany
537122,71053,WHITE METAL LANTERN,12,10/11/2011 19:52,5.39,12204.0,United Kingdom
536653,20725,LUNCH BAG RED RETROSPOT,6,03/31/2011 12:47,2.87,12635.0,United Kingdom
536984,22961,JAM MAKING SET WITH JARS,14,02/27/2011 08:20,24.32,12753.0,EIRE
537122,20726,LUNCH BAG WOODLAND,10,10/11/2011 19:52,22.89,12204.0,United Kingdom
536596,84969,BOX OF 6 ASSORTED COLOUR TEASPOONS,18,11/11/2011 12:24,16.05,12302.0,United Kingdom
536435,85099C,JUMBO BAG BAROQUE BLACK WHITE,4,04/29/2011 07:08,2.8,15907.0,United Kingdom
536850,22632,HAND WARMER RED POLKA DOT,10,02/04/2011 12:05,21.02,17387.0,United Kingdom
537204,22745,POPPY'S PLAYHOUSE BEDROOM,11,03/10/2011 19:10,23.84,13048.0,United Kingdom
536586,84879,ASSORTED COLOUR BIRD ORNAMENT,19,01/27/2011 14:20,14.81,15851.0,United Kingdom
537086,84029E,RED WOOLLY HOTTIE WHITE HEART,2,12/03/2011 18:26,15.4,15210.0,United Kingdom
C536561,84029G,KNITTED UNION FLAG HOT WATER BOTTLE,-5,02/24/2011 11:40,17.84,17104.0,United Kingdom
536459,22310,IVORY KNITTED MUG COSY,11,04/19/2011 16:58,23.62,17411.0,United Kingdom
536714,21755,LOVE BUILDING BLOCK WORD,15,10/25/2011 18:52,4.5,13682.0,United Kingdom
536634,84029G,KNITTED UNION FLAG HOT WATER BOTTLE,18,01/29/2011 08:10,0.0,18277.0,United Kingdom
536934,22310,IVORY KNITTED MUG COSY,4,10/17/2011 08:46,9.15,13292.0,United Kingdom
536419,21755,LOVE BUILDING BLOCK WORD,15,04/12/2011 19:00,21.98,12378.0,United Kingdom
537192,22961,JAM MAKING SET WITH JARS,3,11/28/2011 10:06,11.64,12500.0,United Kingdom
536652,23204,GYMKHANA TREASURE BOOK BOX,18,02/25/2011 15:23,19.61,12635.0,United Kingdom
536442,84969,BOX OF 6 ASSORTED COLOUR TEASPOONS,14,06/27/2011 16:56,8.72,16602.0,EIRE
536395,21777,RECIPE BOX WITH METAL HEART,10,08/25/2011 16:47,5.57,15891.0,United Kingdom
536487,85099B,JUMBO BAG RED RETROSPOT,17,10/29/2011 15:07,11.61,13978.0,France
536695,21777,RECIPE BOX WITH METAL HEART,3,08/15/2011 10:23,14.39,15219.0,United Kingdom
536749,21777,RECIPE BOX WITH METAL HEART,20,10/16/2011 07:09,1.71,13202.0,United Kingdom
536651,22633,HAND WARMER UNION JACK,17,11/13/2011 15:33,0.6,13980.0,United Kingdom
537076,21755,LOVE BUILDING BLOCK WORD,19,05/11/2011 16:00,12.21,17011.0,United Kingdom
537156,71053,WHITE METAL LANTERN,6,06/23/2011 08:20,19.73,13620.0,United Kingdom
537243,22138,BAKING SET 9 PIECE RETROSPOT,8,07/01/2011 11:56,21.7,17664.0,United Kingdom
536457,21755,LOVE BUILDING BLOCK WORD,9,10/17/2011 18:21,18.14,18304.0,Germany
537088,22310,IVORY KNITTED MUG COSY,19,03/13/2011 19:04,20.68,15398.0,Germany
536601,48187,DOORMAT NEW ENGLAND,17,03/07/2011 06:02,5.09,15949.0,United Kingdom
536571,22960,JAM MAKING SET PRINTED,16,11/30/2011 06:05,13.75,17104.0,United Kingdom
537181,22961,JAM MAKING SET WITH JARS,18,09/19/2011 17:38,9.94,13487.0,United Kingdom
536764,22749,,5,10/01/2011 16:28,1.29,17038.0,United Kingdom
536669,22138,High Resolution Image,19,07/11/2011 10:38,13.17,14861.0,United Kingdom
536456,22745,POPPY'S PLAYHOUSE BEDROOM,12,07/23/2011 17:28,9.55,18304.0,Germany
537054,84029E,RED WOOLLY HOTTIE WHITE HEART,9,05/05/2011 06:19,8.48,12777.0,United Kingdom
537092,22961,JAM MAKING SET WITH JARS,2,05/12/2011 07:37,6.19,15398.0,Germany
536768,21730,GLASS STAR FROSTED T-LIGHT HOLDER,20,04/29/2011 08:44,9.63,18107.0,United Kingdom
537158,22749,FELTCRAFT PRINCESS CHARLOTTE DOLL,9,08/19/2011 12:14,22.05,13620.0,United Kingdom
536955,22752,SET 7 BABUSHKA NESTING BOXES,4,05/02/2011 08:48,11.07,16739.0,United Kingdom
537068,22960,JAM MAKING SET PRINTED,11,02/21/2011 07:12,9.99,15648.0,United Kingdom
536529,22310,IVORY KNITTED MUG COSY,15,09/02/2011 14:11,19.95,12907.0,United Kingdom
536948,85099C,JUMBO BAG BAROQUE BLACK WHITE,1,05/23/2011 12:44,2.79,16595.0,United Kingdom
536855,22749,FELTCRAFT PRINCESS CHARLOTTE DOLL,3,08/21/2011 16:44,7.79,17387.0,United Kingdom
536761,85123A,WHITE HANGING HEART T-LIGHT HOLDER,13,07/03/2011 16:00,23.78,17038.0,United Kingdom
536518,21730,GLASS STAR FROSTED T-LIGHT HOLDER,17,04/01/2011 07:58,4.07,15977.0,Germany
536520,85123A,WHITE HANGING HEART T-LIGHT HOLDER,6,08/10/2011 19:41,2.44,15977.0,Germany
537132,22632,HAND WARMER RED POLKA DOT,9,03/20/2011 06:10,21.52,14043.0,United Kingdom
536516,84029E,RED WOOLLY HOTTIE WHITE HEART,2,03/02/2011 08:58,19.13,15977.0,Germany
C536953,22632,HAND WARMER RED POLKA DOT,-1,11/13/2011 12:46,15.15,16595.0,United Kingdom
536438,84879,ASSORTED COLOUR BIRD ORNAMENT,20,11/27/2011 09:37,0.49,15907.0,United Kingdom
536987,22139,RETROSPOT TEA SET CERAMIC 11 PC,14,05/27/2011 12:01,13.27,12753.0,EIRE
536706,23298,SPOTTY BUNTING,9,11/13/2011 10:15,20.3,12224.0,United Kingdom
C537273,22622,BOX OF VINTAGE ALPHABET BLOCKS,-13,11/19/2011 12:02,7.39,17802.0,United Kingdom
536805,71053,WHITE METAL LANTERN,4,11/13/2011 14:48,5.86,17992.0,EIRE
536795,85099C,JUMBO BAG BAROQUE BLACK WHITE,11,01/17/2011 16:42,15.19,17992.0,EIRE
536617,22622,BOX OF VINTAGE ALPHABET BLOCKS,20,02/06/2011 12:06,5.22,12423.0,United Kingdom
537047,23204,GYMKHANA TREASURE BOOK BOX,10,11/11/2011 07:38,15.2,15069.0,United Kingdom
C536657,21754,HOME BUILDING BLOCK WORD,-8,08/25/2011 07:58,15.26,12635.0,United Kingdom
536995,22310,IVORY KNITTED MUG COSY,19,10/21/2011 10:13,17.48,17610.0,United Kingdom
536447,85099C,JUMBO BAG BAROQUE BLACK WHITE,17,06/16/2011 15:28,16.75,12134.0,United Kingdom
536938,20725,LUNCH BAG RED RETROSPOT,11,04/24/2011 09:59,3.71,12036.0,United Kingdom
536519,84969,BOX OF 6 ASSORTED COLOUR TEASPOONS,10,06/19/2011 18:25,17.17,15977.0,Germany
536493,23299,FOOD COVER WITH BEADS SET 2,8,06/16/2011 17:17,16.04,15411.0,United Kingdom
536461,22623,BOX OF VINTAGE JIGSAW BLOCKS,10,08/17/2011 08:38,24.06,17411.0,United Kingdom
536978,22960,JAM MAKING SET PRINTED,8,12/09/2011 17:08,24.76,12481.0,United Kingdom
536756,21730,GLASS STAR FROSTED T-LIGHT HOLDER,17,04/12/2011 17:11,2.96,17038.0,United Kingdom
537057,22623,BOX OF VINTAGE JIGSAW BLOCKS,7,09/25/2011 07:22,17.43,12777.0,United Kingdom
537015,84406B,CREAM CUPID HEARTS COAT HANGER,8,05/17/2011 14:12,7.01,14114.0,United Kingdom
536800,84029E,RED WOOLLY HOTTIE WHITE HEART,20,08/01/2011 13:07,18.67,17992.0,EIRE
536412,21777,RECIPE BOX WITH METAL HEART,3,06/13/2011 07:52,24.75,13014.0,United Kingdom
536964,22748,POPPY'S PLAYHOUSE KITCHEN,2,08/22/2011 06:23,3.29,17013.0,United Kingdom
536924,23204,GYMKHANA TREASURE BOOK BOX,13,06/22/2011 14:04,4.26,17020.0,United Kingdom
537187,22749,FELTCRAFT PRINCESS CHARLOTTE DOLL,11,05/09/2011 14:55,3.67,12500.0,United Kingdom
537148,D,POPPY'S PLAYHOUSE BEDROOM,9,04/20/2011 19:13,17.83,17899.0,United Kingdom
536487,23203,JUMBO BAG DOILEY PATTERNS,17,10/29/2011 15:07,1.41,13978.0,France
536371,84879,ASSORTED COLOUR BIRD ORNAMENT,6,01/26/2011 19:07,19.81,18180.0,United Kingdom
536898,71053,WHITE METAL LANTERN,8,08/27/2011 12:34,24.36,17214.0,United Kingdom
536789,84969,BOX OF 6 ASSORTED COLOUR TEASPOONS,16,05/26/2011 18:16,9.52,15886.0,United Kingdom
536660,22622,BOX OF VINTAGE ALPHABET BLOCKS,7,04/01/2011 09:31,6.03,16448.0,United Kingdom
536876,22633,HAND WARMER UNION JACK,20,10/31/2011 11:58,21.28,13826.0,United Kingdom
536812,21212,PACK OF 72 RETROSPOT CAKE CASES,16,06/27/2011 15:06,7.24,12575.0,Netherlands
536704,22139,RETROSPOT TEA SET CERAMIC 11 PC,8,10/19/2011 11:55,24.41,12224.0,United Kingdom
536842,22745,POPPY'S PLAYHOUSE BEDROOM,11,08/01/2011 11:59,18.46,14526.0,United Kingdom
536800,85099B,JUMBO BAG RED RETROSPOT,19,08/01/2011 13:07,11.09,17992.0,EIRE
536699,48187,DOORMAT NEW ENGLAND,12,05/13/2011 15:47,14.96,12224.0,United Kingdom
536749,23299,FOOD COVER WITH BEADS SET 2,9,10/16/2011 07:09,11.8,13202.0,United Kingdom
536822,21212,PACK OF 72 RETROSPOT CAKE CASES,19,09/04/2011 13:42,18.21,13274.0,United Kingdom
536498,22961,JAM MAKING SET WITH JARS,10,10/27/2011 07:11,14.68,15411.0,United Kingdom
536429,21212,PACK OF 72 RETROSPOT CAKE CASES,9,03/06/2011 07:28,11.6,17630.0,United Kingdom
536797,21212,PACK OF 72 RETROSPOT CAKE CASES,14,02/13/2011 18:28,3.84,17992.0,EIRE
537238,23203,JUMBO BAG DOILEY PATTERNS,10,02/07/2011 08:34,9.96,17664.0,United Kingdom
537216,22139,RETROSPOT TEA SET CERAMIC 11 PC,1,11/30/2011 08:41,0.63,18043.0,United Kingdom
536443,21212,PACK OF 72 RETROSPOT CAKE CASES,2,09/25/2011 07:47,24.13,16602.0,EIRE
536584,85099B,JUMBO BAG RED RETROSPOT,19,04/30/2011 12:34,22.0,15343.0,United Kingdom
537274,22633,HAND WARMER UNION JACK,8,11/25/2011 10:06,1.35,17802.0,United Kingdom
536588,84879,ASSORTED COLOUR BIRD ORNAMENT,20,10/14/2011 10:24,15.32,15851.0,United Kingdom
537047,22139,RETROSPOT TEA SET CERAMIC 11 PC,14,11/11/2011 07:38,5.31,15069.0,United Kingdom
536485,21730,GLASS STAR FROSTED T-LIGHT HOLDER,14,09/22/2011 11:03,3.7,13978.0,France
536927,48187,DOORMAT NEW ENGLAND,14,02/04/2011 07:44,11.46,13292.0,United Kingdom
537020,20726,LUNCH BAG WOODLAND,11,02/21/2011 13:06,4.57,16742.0,United Kingdom
537270,84406B,CREAM CUPID HEARTS COAT HANGER,7,09/01/2011 19:27,2.83,17802.0,United Kingdom
536536,23203,JUMBO BAG DOILEY PATTERNS,19,06/29/2011 16:55,3.22,13899.0,United Kingdom
536839,84029G,KNITTED UNION FLAG HOT WATER BOTTLE,2,01/07/2011 17:25,8.57,14526.0,United Kingdom
536620,85099B,JUMBO BAG RED RETROSPOT,19,06/06/2011 17:18,14.39,12423.0,United Kingdom
536698,84029G,KNITTED UNION FLAG HOT WATER BOTTLE,18,04/27/2011 15:47,10.19,12224.0,United Kingdom
536697,23203,JUMBO BAG DOILEY PATTERNS,15,02/14/2011 12:03,18.85,12224.0,United Kingdom
537157,22623,BOX OF VINTAGE JIGSAW BLOCKS,10,06/28/2011 13:05,20.92,13620.0,United Kingdom
536981,22752,SET 7 BABUSHKA NESTING BOXES,17,07/01/2011 11:00,13.01,14330.0,United Kingdom
537213,85099C,JUMBO BAG BAROQUE BLACK WHITE,10,03/22/2011 18:34,14.49,18043.0,United Kingdom
536403,84029E,RED WOOLLY HOTTIE WHITE HEART,2,06/11/2011 09:41,18.88,13014.0,Germany
537180,71053,WHITE METAL LANTERN,11,06/13/2011 09:14,5.83,13487.0,United Kingdom
536626,48187,DOORMAT NEW ENGLAND,17,01/17/2011 13:50,5.8,18168.0,France
536615,M,RECIPE BOX WITH METAL HEART,17,10/20/2011 14:00,14.19,13108.0,United Kingdom
C536600,21212,PACK OF 72 RETROSPOT CAKE CASES,-14,03/06/2011 09:48,10.3,15949.0,United Kingdom
536730,23298,SPOTTY BUNTING,5,05/16/2011 18:30,5.08,15380.0,United Kingdom
537104,22138,BAKING SET 9 PIECE RETROSPOT,9,10/16/2011 15:17,16.56,12165.0,United Kingdom
537135,71053,WHITE METAL LANTERN,16,08/08/2011 09:24,18.23,14043.0,United Kingdom
C536402,22139,RETROSPOT TEA SET CERAMIC 11 PC,-9,06/11/2011 12:08,18.83,13014.0,Germany
536443,22138,High Resolution Image,5,09/25/2011 07:47,14.04,16602.0,EIRE
537009,84879,ASSORTED COLOUR BIRD ORNAMENT,13,02/22/2011 06:47,18.37,14021.0,Netherlands
536632,71053,WHITE METAL LANTERN,16,01/17/2011 17:39,4.25,18277.0,United Kingdom
536537,21777,RECIPE BOX WITH METAL HEART,4,07/18/2011 15:11,4.9,13899.0,United Kingdom
536553,23203,JUMBO BAG DOILEY PATTERNS,3,08/31/2011 14:18,16.1,14381.0,United Kingdom
536948,22138,BAKING SET 9 PIECE RETROSPOT,6,05/23/2011 12:44,17.66,16595.0,United Kingdom
536976,22752,SET 7 BABUSHKA NESTING BOXES,10,09/03/2011 10:40,10.37,12481.0,United Kingdom
536636,84969,BOX OF 6 ASSORTED COLOUR TEASPOONS,14,08/25/2011 08:36,7.19,18277.0,United Kingdom
536951,84406B,CREAM CUPID HEARTS COAT HANGER,4,07/23/2011 18:06,5.59,16595.0,United Kingdom
536990,22632,HAND WARMER RED POLKA DOT,11,08/18/2011 07:27,9.25,12753.0,EIRE
536903,85123A,WHITE HANGING HEART T-LIGHT HOLDER,15,10/01/2011 07:39,9.82,12485.0,United Kingdom
536533,22745,POPPY'S PLAYHOUSE BEDROOM,8,05/19/2011 07:01,13.05,13899.0,United Kingdom
536491,22310,IVORY KNITTED MUG COSY,16,04/04/2011 18:18,8.18,15411.0,United Kingdom
537238,21777,RECIPE BOX WITH METAL HEART,7,02/07/2011 08:34,23.02,17664.0,United Kingdom
537082,23298,SPOTTY BUNTING,7,08/23/2011 06:10,8.96,15210.0,United Kingdom
536492,21755,LOVE BUILDING BLOCK WORD,3,04/18/2011 12:52,8.9,15411.0,United Kingdom
536582,84406B,CREAM CUPID HEARTS COAT HANGER,9,02/27/2011 10:05,11.18,15343.0,United Kingdom
536505,22139,RETROSPOT TEA SET CERAMIC 11 PC,15,08/23/2011 18:41,21.71,14808.0,United Kingdom
536449,23203,JUMBO BAG DOILEY PATTERNS,14,10/18/2011 09:32,7.51,12134.0,United Kingdom
537044,22632,,8,09/02/2011 06:20,2.46,15069.0,United Kingdom
536467,22748,POPPY'S PLAYHOUSE KITCHEN,3,10/03/2011 06:39,13.23,13380.0,United Kingdom
536525,22623,BOX OF VINTAGE JIGSAW BLOCKS,19,02/09/2011 07:38,13.18,12907.0,United Kingdom
536397,85123A,WHITE HANGING HEART T-LIGHT HOLDER,4,11/08/2011 12:56,19.48,15891.0,United Kingdom
537063,22310,IVORY KNITTED MUG COSY,6,09/26/2011 10:31,19.65,16636.0,United Kingdom
536673,85123A,WHITE HANGING HEART T-LIGHT HOLDER,18,10/02/2011 13:48,9.57,14861.0,United Kingdom
536506,84969,BOX OF 6 ASSORTED COLOUR TEASPOONS,1,09/28/2011 07:43,18.93,14808.0,United Kingdom
536640,22622,BOX OF VINTAGE ALPHABET BLOCKS,12,10/12/2011 09:04,6.15,18277.0,United Kingdom
537247,21212,pack of 72 retrospot cake cases,1,10/02/2011 15:55,5.71,17664.0,United Kingdom
536624,20725,LUNCH BAG RED RETROSPOT,8,09/04/2011 15:55,22.73,12423.0,United Kingdom
536752,84879,ASSORTED COLOUR BIRD ORNAMENT,16,04/11/2011 09:31,18.85,,United Kingdom
536759,21730,GLASS STAR FROSTED T-LIGHT HOLDER,15,05/16/2011 07:31,17.93,17038.0,United Kingdom
537136,22752,SET 7 BABUSHKA NESTING BOXES,4,09/25/2011 11:09,14.15,,United Kingdom
536737,20726,LUNCH BAG WOODLAND,16,10/24/2011 07:59,6.09,15380.0,United Kingdom
537040,21754,HOME BUILDING BLOCK WORD,3,02/27/2011 18:51,23.31,15069.0,United Kingdom
536780,22138,BAKING SET 9 PIECE RETROSPOT,15,03/29/2011 15:01,17.65,17816.0,United Kingdom
536815,23298,SPOTTY BUNTING,9,09/30/2011 13:31,13.7,12575.0,Netherlands
537201,22623,BOX OF VINTAGE JIGSAW BLOCKS,11,10/04/2011 15:48,7.16,13883.0,United Kingdom
536418,21212,PACK OF 72 RETROSPOT CAKE CASES,16,09/30/2011 08:37,24.14,13014.0,United Kingdom
537050,84029E,RED WOOLLY HOTTIE WHITE HEART,19,02/14/2011 18:55,22.27,12777.0,United Kingdom
537012,21755,LOVE BUILDING BLOCK WORD,4,11/10/2011 17:00,4.24,14021.0,Netherlands
537153,71053,WHITE METAL LANTERN,11,07/13/2011 07:54,20.92,17899.0,United Kingdom
537255,22960,Next Day Carriage,3,08/12/2011 17:16,23.87,17224.0,Spain
536617,22622,BOX OF VINTAGE ALPHABET BLOCKS,20,02/06/2011 12:06,5.22,12423.0,United Kingdom
536980,21777,RECIPE BOX WITH METAL HEART,17,03/21/2011 12:13,20.63,14330.0,United Kingdom
537060,21754,HOME BUILDING BLOCK WORD,12,03/09/2011 13:22,2.81,16636.0,United Kingdom
536781,22138,BAKING SET 9 PIECE RETROSPOT,15,05/29/2011 18:13,15.58,17816.0,United Kingdom
537014,22745,POPPY'S PLAYHOUSE BEDROOM,18,01/30/2011 16:25,3.03,14114.0,United Kingdom
536514,85099B,JUMBO BAG RED RETROSPOT,11,10/10/2011 10:16,22.8,13893.0,United Kingdom
537259,21777,RECIPE BOX WITH METAL HEART,11,10/04/2011 10:36,6.11,17224.0,Spain
536895,21754,HOME BUILDING BLOCK WORD,19,06/15/2011 07:55,0.0,17214.0,United Kingdom
536601,85123A,WHITE HANGING HEART T-LIGHT HOLDER,8,03/07/2011 06:02,5.96,15949.0,United Kingdom
536687,85123A,WHITE HANGING HEART T-LIGHT HOLDER,7,01/19/2011 06:23,16.47,15219.0,United Kingdom
536738,21730,GLASS STAR FROSTED T-LIGHT HOLDER,11,01/14/2011 15:08,14.03,15554.0,Germany
536831,22139,RETROSPOT TEA SET CERAMIC 11 PC,10,03/30/2011 10:35,16.06,14115.0,United Kingdom
536991,22749,FELTCRAFT PRINCESS CHARLOTTE DOLL,18,11/06/2011 10:13,18.06,12753.0,EIRE
536669,23203,JUMBO BAG DOILEY PATTERNS,4,07/11/2011 10:38,2.76,14861.0,United Kingdom
536464,21730,GLASS STAR FROSTED T-LIGHT HOLDER,11,03/30/2011 12:05,19.79,13380.0,United Kingdom
536648,23298,SPOTTY BUNTING,4,06/26/2011 16:26,2.7,13980.0,United Kingdom
537000,21755,LOVE BUILDING BLOCK WORD,1,03/05/2011 08:41,8.01,14151.0,United Kingdom
536567,22623,BOX OF VINTAGE JIGSAW BLOCKS,4,09/24/2011 17:35,11.73,17104.0,United Kingdom
536557,22633,HAND WARMER UNION JACK,8,04/19/2011 19:36,18.55,14964.0,France
537259,22622,BOX OF VINTAGE ALPHABET BLOCKS,1,10/04/2011 10:36,17.89,17224.0,Spain
537086,71053,WHITE METAL LANTERN,6,12/03/2011 18:26,8.28,15210.0,United Kingdom
537141,22138,BAKING SET 9 PIECE RETROSPOT,17,04/23/2011 16:13,15.22,15306.0,United Kingdom
536410,22632,HAND WARMER RED POLKA DOT,9,03/20/2011 10:14,1.53,13014.0,United Kingdom
537130,22745,POPPY'S PLAYHOUSE BEDROOM,18,01/19/2011 11:08,10.1,14043.0,United Kingdom
536765,23299,FOOD COVER WITH BEADS SET 2,15,01/09/2011 18:41,23.43,18107.0,United Kingdom
536948,23204,GYMKHANA TREASURE BOOK BOX,17,05/23/2011 12:44,10.62,16595.0,United Kingdom
536826,21777,RECIPE BOX WITH METAL HEART,3,09/21/2011 11:38,22.47,12294.0,United Kingdom
536674,21754,HOME BUILDING BLOCK WORD,14,10/04/2011 09:33,5.02,14861.0,United Kingdom
536752,22748,POPPY'S PLAYHOUSE KITCHEN,17,04/11/2011 09:31,21.52,18302.0,United Kingdom
536696,21730,GLASS STAR FROSTED T-LIGHT HOLDER,20,11/18/2011 17:04,16.14,15219.0,United Kingdom
536975,20726,LUNCH BAG WOODLAND,6,08/30/2011 08:09,11.17,12481.0,United Kingdom
537112,48187,DOORMAT NEW ENGLAND,4,11/23/2011 09:29,17.39,12701.0,United Kingdom
536411,21755,LOVE BUILDING BLOCK WORD,16,04/18/2011 17:08,12.14,13014.0,United Kingdom
536844,85099C,JUMBO BAG BAROQUE BLACK WHITE,15,11/08/2011 13:22,12.49,14526.0,United Kingdom
536841,22622,BOX OF VINTAGE ALPHABET BLOCKS,4,06/08/2011 08:16,8.09,14526.0,United Kingdom
537098,21755,LOVE BUILDING BLOCK WORD,8,02/16/2011 17:47,13.32,14779.0,United Kingdom
536417,71053,WHITE METAL LANTERN,3,08/27/2011 12:17,6.02,13014.0,United Kingdom
536491,22960,JAM MAKING SET PRINTED,18,04/04/2011 18:18,23.28,15411.0,United Kingdom
536895,84029E,RED WOOLLY HOTTIE WHITE HEART,5,06/15/2011 07:55,6.78,17214.0,United Kingdom
537252,23203,,9,05/03/2011 14:11,3.99,17224.0,Spain
536639,85123A,WHITE HANGING HEART T-LIGHT HOLDER,8,10/08/2011 11:32,21.18,18277.0,United Kingdom
536639,22745,POPPY'S PLAYHOUSE BEDROOM,17,10/08/2011 11:32,3.86,18277.0,United Kingdom
537007,84969,BOX OF 6 ASSORTED COLOUR TEASPOONS,13,05/04/2011 15:50,2.47,12413.0,United Kingdom
536913,22310,IVORY KNITTED MUG COSY,8,08/08/2011 18:32,22.33,18415.0,United Kingdom
537249,84029G,KNITTED UNION FLAG HOT WATER BOTTLE,11,11/21/2011 10:28,11.64,17664.0,United Kingdom
536952,22960,JAM MAKING SET PRINTED,11,08/09/2011 11:52,20.16,16595.0,United Kingdom
536721,21777,RECIPE BOX WITH METAL HEART,11,07/10/2011 10:39,9.44,16306.0,France
536468,22960,JAM MAKING SET PRINTED,8,10/28/2011 06:40,18.36,13380.0,United Kingdom
536685,71053,WHITE METAL LANTERN,20,12/09/2011 06:49,21.4,,United Kingdom
536757,22633,HAND WARMER UNION JACK,4,04/21/2011 19:13,2.53,17038.0,United Kingdom
537078,84879,ASSORTED COLOUR BIRD ORNAMENT,10,07/15/2011 17:31,15.8,17011.0,United Kingdom
536731,22632,HAND WARMER RED POLKA DOT,7,07/17/2011 19:33,18.16,15380.0,United Kingdom
536500,85099B,JUMBO BAG RED RETROSPOT,18,11/30/2011 13:09,20.05,15411.0,United Kingdom
536430,22960,JAM MAKING SET PRINTED,19,03/28/2011 19:30,7.66,17630.0,United Kingdom
537004,22752,SET 7 BABUSHKA NESTING BOXES,2,01/04/2011 12:43,15.22,12413.0,United Kingdom
536459,23299,FOOD COVER WITH BEADS SET 2,3,04/19/2011 16:58,16.23,17411.0,United Kingdom
537068,20725,LUNCH BAG RED RETROSPOT,17,02/21/2011 07:12,4.7,15648.0,United Kingdom
536582,23203,JUMBO BAG DOILEY PATTERNS,16,02/27/2011 10:05,12.39,15343.0,United Kingdom
537187,22749,FELTCRAFT PRINCESS CHARLOTTE DOLL,6,05/09/2011 14:55,11.63,12500.0,United Kingdom
536790,22748,POPPY'S PLAYHOUSE KITCHEN,5,06/14/2011 15:59,4.37,15886.0,United Kingdom
537063,84029E,RED WOOLLY HOTTIE WHITE HEART,6,09/26/2011 10:31,5.01,16636.0,United Kingdom
536470,23299,FOOD COVER WITH BEADS SET 2,9,03/04/2011 11:17,20.03,13182.0,United Kingdom
536989,23204,GYMKHANA TREASURE BOOK BOX,8,07/10/2011 11:45,8.25,12753.0,EIRE
536386,21777,RECIPE BOX WITH METAL HEART,4,11/14/2011 15:51,23.41,16758.0,United Kingdom
537044,22632,HAND WARMER RED POLKA DOT,9,09/02/2011 06:20,7.12,15069.0,United Kingdom
536905,22961,JAM MAKING SET WITH JARS,10,02/08/2011 10:37,9.45,18415.0,United Kingdom
536496,22961,JAM MAKING SET WITH JARS,10,08/05/2011 06:00,11.54,15411.0,United Kingdom
537164,22632,HAND WARMER RED POLKA DOT,5,03/08/2011 09:36,16.66,14667.0,United Kingdom
C536953,23299,FOOD COVER WITH BEADS SET 2,-9,11/13/2011 12:46,23.7,16595.0,United Kingdom
536687,84969,High Resolution Image,20,01/19/2011 06:23,17.99,15219.0,United Kingdom
537226,22748,POPPY'S PLAYHOUSE KITCHEN,12,09/23/2011 12:11,21.94,17253.0,United Kingdom
536817,71053,WHITE METAL LANTERN,19,06/18/2011 11:03,1.52,13274.0,United Kingdom
536719,22310,,2,03/03/2011 09:13,4.94,16306.0,France
537230,22632,hand warmer red polka dot,5,01/20/2011 17:53,5.94,16117.0,United Kingdom
536423,22960,JAM MAKING SET PRINTED,11,07/10/2011 13:55,13.93,12378.0,United Kingdom
536736,22961,JAM MAKING SET WITH JARS,7,10/17/2011 16:03,17.87,15380.0,United Kingdom
C536421,21755,LOVE BUILDING BLOCK WORD,-17,04/24/2011 07:14,17.69,12378.0,United Kingdom
537264,22138,BAKING SET 9 PIECE RETROSPOT,3,08/30/2011 06:00,23.82,13213.0,United Kingdom
536781,22138,BAKING SET 9 PIECE RETROSPOT,12,05/29/2011 18:13,4.71,17816.0,United Kingdom
536605,21730,GLASS STAR FROSTED T-LIGHT HOLDER,16,08/23/2011 14:17,5.28,15949.0,United Kingdom
536406,20726,LUNCH BAG WOODLAND,5,07/13/2011 12:23,11.08,13014.0,Germany
536434,84029E,RED WOOLLY HOTTIE WHITE HEART,15,02/21/2011 07:43,22.68,15907.0,United Kingdom
536962,22749,FELTCRAFT PRINCESS CHARLOTTE DOLL,18,04/28/2011 07:33,10.06,17013.0,United Kingdom
C536953,85099B,JUMBO BAG RED RETROSPOT,-17,11/13/2011 12:46,10.53,16595.0,United Kingdom
536772,21754,HOME BUILDING BLOCK WORD,2,09/06/2011 16:13,5.16,18107.0,United Kingdom
536960,84879,ASSORTED COLOUR BIRD ORNAMENT,2,11/19/2011 13:43,15.08,16739.0,United Kingdom
536482,84029E,RED WOOLLY HOTTIE WHITE HEART,2,07/01/2011 10:29,4.29,13978.0,France
537241,23203,JUMBO BAG DOILEY PATTERNS,4,05/07/2011 08:57,18.19,17664.0,United Kingdom
537014,21730,GLASS STAR FROSTED T-LIGHT HOLDER,4,01/30/2011 16:25,2.32,14114.0,United Kingdom
537073,21777,RECIPE BOX WITH METAL HEART,6,11/30/2011 10:38,14.22,15648.0,United Kingdom
536907,22961,JAM MAKING SET WITH JARS,19,03/11/2011 09:50,14.28,18415.0,United Kingdom
536946,71053,WHITE METAL LANTERN,5,03/11/2011 16:45,6.82,16595.0,United Kingdom
537221,22622,BOX OF VINTAGE ALPHABET BLOCKS,17,06/08/2011 17:20,3.16,17253.0,United Kingdom
537150,85123A,WHITE HANGING HEART T-LIGHT HOLDER,20,05/15/2011 14:58,7.1,17899.0,United Kingdom
537092,84029E,RED WOOLLY HOTTIE WHITE HEART,19,05/12/2011 07:37,22.56,15398.0,Germany
536672,21777,RECIPE BOX WITH METAL HEART,1,09/12/2011 14:11,0.42,14861.0,United Kingdom
536975,22623,BOX OF VINTAGE JIGSAW BLOCKS,20,08/30/2011 08:09,10.66,12481.0,United Kingdom
536780,22961,JAM MAKING SET WITH JARS,17,03/29/2011 15:01,1.22,17816.0,United Kingdom
536791,48187,DOORMAT NEW ENGLAND,12,08/23/2011 15:08,4.04,15886.0,United Kingdom
536615,22752,SET 7 BABUSHKA NESTING BOXES,20,10/20/2011 14:00,24.0,13108.0,United Kingdom
536921,23203,JUMBO BAG DOILEY PATTERNS,18,05/31/2011 17:00,7.76,17020.0,United Kingdom
536391,84029E,RED WOOLLY HOTTIE WHITE HEART,9,04/09/2011 10:55,9.02,15891.0,United Kingdom
536576,22960,JAM MAKING SET PRINTED,8,10/08/2011 11:11,16.71,13298.0,United Kingdom
536396,22623,BOX OF VINTAGE JIGSAW BLOCKS,16,10/20/2011 13:50,15.38,15891.0,United Kingdom
536407,22752,SET 7 BABUSHKA NESTING BOXES,9,09/17/2011 10:39,22.0,13014.0,Germany
536673,23204,GYMKHANA TREASURE BOOK BOX,18,10/02/2011 13:48,11.12,14861.0,United Kingdom
536983,21212,PACK OF 72 RETROSPOT CAKE CASES,1,10/30/2011 16:53,9.21,14330.0,United Kingdom
536475,22310,IVORY KNITTED MUG COSY,20,02/21/2011 14:07,7.41,13192.0,EIRE
537132,22623,BOX OF VINTAGE JIGSAW BLOCKS,2,03/20/2011 06:10,7.09,14043.0,United Kingdom
537237,22960,JAM MAKING SET PRINTED,17,12/05/2011 14:05,15.13,16117.0,United Kingdom
536703,84879,ASSORTED COLOUR BIRD ORNAMENT,1,09/26/2011 13:39,9.64,12224.0,United Kingdom
536811,84029E,RED WOOLLY HOTTIE WHITE HEART,16,03/31/2011 09:54,23.41,12575.0,Netherlands
536795,22752,SET 7 BABUSHKA NESTING BOXES,17,01/17/2011 16:42,10.08,17992.0,EIRE
536721,22139,RETROSPOT TEA SET CERAMIC 11 PC,3,07/10/2011 10:39,18.99,16306.0,France
536455,84406B,CREAM CUPID HEARTS COAT HANGER,15,07/01/2011 14:50,22.67,18304.0,Germany
536398,21754,HOME BUILDING BLOCK WORD,15,02/14/2011 12:53,2.32,13014.0,Germany
C536527,48187,DOORMAT NEW ENGLAND,-20,04/21/2011 11:53,23.61,12907.0,United Kingdom
536885,22633,HAND WARMER UNION JACK,2,06/16/2011 07:20,5.38,15528.0,EIRE
C537273,85099C,JUMBO BAG BAROQUE BLACK WHITE,-3,11/19/2011 12:02,4.91,17802.0,United Kingdom
537003,21730,GLASS STAR FROSTED T-LIGHT HOLDER,17,10/08/2011 13:52,22.12,14151.0,United Kingdom
536778,85123A,WHITE HANGING HEART T-LIGHT HOLDER,14,03/18/2011 14:25,23.67,17816.0,United Kingdom
536404,21777,RECIPE BOX WITH METAL HEART,19,07/03/2011 09:29,17.0,13014.0,Germany
536827,23298,SPOTTY BUNTING,4,10/17/2011 16:42,13.2,12294.0,United Kingdom
536545,22310,IVORY KNITTED MUG COSY,16,03/15/2011 06:55,6.99,14381.0,United Kingdom
C536953,22623,BOX OF VINTAGE JIGSAW BLOCKS,-12,11/13/2011 12:46,11.48,16595.0,United Kingdom
537000,22748,POPPY'S PLAYHOUSE KITCHEN,13,03/05/2011 08:41,17.25,14151.0,United Kingdom
537080,84879,ASSORTED COLOUR BIRD ORNAMENT,1,05/21/2011 07:27,4.94,15210.0,United Kingdom
537080,21755,LOVE BUILDING BLOCK WORD,4,05/21/2011 07:27,23.9,15210.0,United Kingdom
537129,21212,PACK OF 72 RETROSPOT CAKE CASES,13,11/29/2011 06:35,6.8,16137.0,United Kingdom
536653,22632,HAND WARMER RED POLKA DOT,4,03/31/2011 12:47,18.73,12635.0,United Kingdom
537012,22622,BOX OF VINTAGE ALPHABET BLOCKS,19,11/10/2011 17:00,12.71,14021.0,Netherlands
536619,22632,HAND WARMER RED POLKA DOT,5,05/07/2011 13:51,10.52,12423.0,United Kingdom
536773,48187,DOORMAT NEW ENGLAND,8,09/30/2011 08:10,2.82,18107.0,United Kingdom
536426,21755,LOVE BUILDING BLOCK WORD,8,11/21/2011 19:34,18.7,12378.0,United Kingdom
C536618,48187,DOORMAT NEW ENGLAND,-17,05/04/2011 06:35,22.0,12423.0,United Kingdom
537051,23203,JUMBO BAG DOILEY PATTERNS,2,03/06/2011 11:37,22.35,,United Kingdom
536813,84029G,KNITTED UNION FLAG HOT WATER BOTTLE,3,08/18/2011 07:07,12.61,12575.0,Netherlands
536962,22632,HAND WARMER RED POLKA DOT,11,04/28/2011 07:33,18.84,17013.0,United Kingdom
537045,21755,LOVE BUILDING BLOCK WORD,15,09/20/2011 11:45,18.66,15069.0,United Kingdom
537018,84879,ASSORTED COLOUR BIRD ORNAMENT,6,10/10/2011 19:54,24.74,14114.0,United Kingdom
536514,22138,BAKING SET 9 PIECE RETROSPOT,17,10/10/2011 10:16,22.03,13893.0,United Kingdom
536832,22745,POPPY'S PLAYHOUSE BEDROOM,15,04/26/2011 12:00,15.88,14115.0,United Kingdom
536531,84879,ASSORTED COLOUR BIRD ORNAMENT,12,01/07/2011 13:49,8.06,13899.0,United Kingdom
536388,22138,BAKING SET 9 PIECE RETROSPOT,2,02/26/2011 12:35,22.43,15891.0,United Kingdom
536880,84029G,KNITTED UNION FLAG HOT WATER BOTTLE,19,01/27/2011 09:39,13.19,15528.0,EIRE
537010,84879,ASSORTED COLOUR BIRD ORNAMENT,3,04/14/2011 11:03,6.42,14021.0,Netherlands
536732,21777,RECIPE BOX WITH METAL HEART,1,07/25/2011 07:33,14.56,15380.0,United Kingdom
537157,22749,FELTCRAFT PRINCESS CHARLOTTE DOLL,5,06/28/2011 13:05,8.02,13620.0,United Kingdom
536399,22139,RETROSPOT TEA SET CERAMIC 11 PC,5,02/18/2011 11:20,17.71,13014.0,Germany
536634,22622,BOX OF VINTAGE ALPHABET BLOCKS,7,01/29/2011 08:10,3.23,18277.0,United Kingdom
537124,84406B,CREAM CUPID HEARTS COAT HANGER,1,02/19/2011 16:49,6.44,16137.0,United Kingdom
536836,21212,PACK OF 72 RETROSPOT CAKE CASES,20,09/15/2011 15:40,6.79,14115.0,United Kingdom
536426,21730,GLASS STAR FROSTED T-LIGHT HOLDER,15,11/21/2011 19:34,4.49,12378.0,United Kingdom
536509,84029G,KNITTED UNION FLAG HOT WATER BOTTLE,12,04/07/2011 14:14,23.47,13893.0,United Kingdom
536740,20725,LUNCH BAG RED RETROSPOT,6,05/03/2011 09:11,7.96,15554.0,Germany
536787,84969,BOX OF 6 ASSORTED COLOUR TEASPOONS,17,01/11/2011 19:51,16.2,15886.0,United Kingdom
536670,22139,RETROSPOT TEA SET CERAMIC 11 PC,10,08/25/2011 14:03,6.03,14861.0,United Kingdom
536376,21212,PACK OF 72 RETROSPOT CAKE CASES,7,09/05/2011 19:04,23.16,18180.0,United Kingdom
536592,22310,IVORY KNITTED MUG COSY,9,04/07/2011 19:36,16.37,12302.0,United Kingdom
537005,84029E,RED WOOLLY HOTTIE WHITE HEART,1,03/21/2011 12:09,21.51,12413.0,United Kingdom
537274,22633,HAND WARMER UNION JACK,13,11/25/2011 10:06,20.56,17802.0,United Kingdom
536463,21755,LOVE BUILDING BLOCK WORD,3,02/20/2011 19:07,19.1,13380.0,United Kingdom
536412,22633,HAND WARMER UNION JACK,18,06/13/2011 07:52,19.13,13014.0,United Kingdom
537158,22748,POPPY'S PLAYHOUSE KITCHEN,10,08/19/2011 12:14,6.77,13620.0,United Kingdom
536400,71053,WHITE METAL LANTERN,19,04/22/2011 06:13,9.73,13014.0,Germany
536862,21730,GLASS STAR FROSTED T-LIGHT HOLDER,2,04/13/2011 18:22,23.1,14319.0,United Kingdom
536513,22633,HAND WARMER UNION JACK,16,10/06/2011 16:35,22.81,13893.0,United Kingdom
536864,22138,BAKING SET 9 PIECE RETROSPOT,11,05/01/2011 18:32,20.47,14319.0,United Kingdom
537126,21755,LOVE BUILDING BLOCK WORD,16,08/19/2011 09:00,12.42,16137.0,United Kingdom
536454,22752,SET 7 BABUSHKA NESTING BOXES,20,05/18/2011 16:55,14.96,18304.0,Germany
536646,22310,IVORY KNITTED MUG COSY,15,11/05/2011 15:36,15.27,17255.0,United Kingdom
536494,84969,BOX OF 6 ASSORTED COLOUR TEASPOONS,18,07/19/2011 08:26,18.5,15411.0,United Kingdom
537193,21755,LOVE BUILDING BLOCK WORD,10,12/04/2011 13:21,23.55,12500.0,United Kingdom
537107,48187,DOORMAT NEW ENGLAND,2,04/02/2011 19:28,13.97,12701.0,United Kingdom
536928,20725,LUNCH BAG RED RETROSPOT,5,05/02/2011 13:24,11.94,13292.0,United Kingdom
537263,22138,BAKING SET 9 PIECE RETROSPOT,4,05/21/2011 14:03,4.55,13213.0,United Kingdom
537120,21730,GLASS STAR FROSTED T-LIGHT HOLDER,8,07/28/2011 10:31,16.73,12204.0,United Kingdom
536873,22632,HAND WARMER RED POLKA DOT,16,09/06/2011 19:26,5.68,13826.0,United Kingdom
536428,85123A,WHITE HANGING HEART T-LIGHT HOLDER,15,03/04/2011 15:43,22.48,17630.0,United Kingdom
536885,22622,BOX OF VINTAGE ALPHABET BLOCKS,13,06/16/2011 07:20,23.47,15528.0,EIRE
537092,85099B,JUMBO BAG RED RETROSPOT,9,05/12/2011 07:37,16.41,15398.0,Germany
536645,84406B,CREAM CUPID HEARTS COAT HANGER,19,07/22/2011 06:15,4.02,17255.0,United Kingdom
537171,21212,PACK OF 72 RETROSPOT CAKE CASES,18,04/22/2011 18:11,19.02,16911.0,United Kingdom
536927,22633,HAND WARMER UNION JACK,12,02/04/2011 07:44,2.29,13292.0,United Kingdom
536390,20726,LUNCH BAG WOODLAND,12,03/30/2011 09:52,7.89,15891.0,United Kingdom
537064,85099B,JUMBO BAG RED RETROSPOT,14,10/26/2011 06:42,8.6,16636.0,United Kingdom
537095,22633,HAND WARMER UNION JACK,15,10/07/2011 16:47,3.31,15398.0,Germany
536924,20726,LUNCH BAG WOODLAND,2,06/22/2011 14:04,9.44,17020.0,United Kingdom
536778,85099B,JUMBO BAG RED RETROSPOT,4,03/18/2011 14:25,11.5,17816.0,United Kingdom
536548,21730,GLASS STAR FROSTED T-LIGHT HOLDER,4,04/09/2011 13:00,8.09,14381.0,United Kingdom
536383,22632,HAND WARMER RED POLKA DOT,10,05/16/2011 10:13,11.61,16758.0,United Kingdom
536597,21755,LOVE BUILDING BLOCK WORD,15,02/03/2011 12:50,21.26,15949.0,United Kingdom
537161,48187,DOORMAT NEW ENGLAND,4,11/19/2011 11:36,15.83,13620.0,United Kingdom
536778,22623,BOX OF VINTAGE JIGSAW BLOCKS,3,03/18/2011 14:25,14.09,17816.0,United Kingdom
536766,84029G,KNITTED UNION FLAG HOT WATER BOTTLE,10,03/26/2011 08:31,20.51,18107.0,United Kingdom
537179,20726,LUNCH BAG WOODLAND,20,05/11/2011 17:49,19.77,13487.0,United Kingdom
537071,22960,JAM MAKING SET PRINTED,10,08/16/2011 10:08,19.64,15648.0,United Kingdom
536771,22138,BAKING SET 9 PIECE RETROSPOT,18,08/10/2011 11:26,12.84,18107.0,United Kingdom
536508,48187,DOORMAT NEW ENGLAND,8,03/29/2011 17:55,7.81,13893.0,United Kingdom
536743,21777,RECIPE BOX WITH METAL HEART,14,06/14/2011 13:12,17.99,15554.0,Germany
536398,22623,BOX OF VINTAGE JIGSAW BLOCKS,9,02/14/2011 12:53,19.17,13014.0,Germany
537003,84879,ASSORTED COLOUR BIRD ORNAMENT,8,10/08/2011 13:52,1.79,14151.0,United Kingdom
536378,84029E,RED WOOLLY HOTTIE WHITE HEART,2,10/04/2011 06:14,21.46,18180.0,United Kingdom
537195,84879,ASSORTED COLOUR BIRD ORNAMENT,19,02/25/2011 11:41,21.29,13883.0,United Kingdom
536937,21755,LOVE BUILDING BLOCK WORD,7,03/30/2011 15:05,4.13,12036.0,United Kingdom
537241,84879,ASSORTED COLOUR BIRD ORNAMENT,7,05/07/2011 08:57,11.27,17664.0,United Kingdom
537061,84406B,CREAM CUPID HEARTS COAT HANGER,19,04/08/2011 12:12,6.94,16636.0,United Kingdom
536672,21777,RECIPE BOX WITH METAL HEART,12,09/12/2011 14:11,12.21,14861.0,United Kingdom
536661,84406B,CREAM CUPID HEARTS COAT HANGER,17,04/29/2011 19:17,8.92,16448.0,United Kingdom
536450,22633,HAND WARMER UNION JACK,17,02/03/2011 07:32,12.9,18304.0,Germany
536874,POST,JUMBO BAG BAROQUE BLACK WHITE,14,10/12/2011 15:31,20.59,13826.0,United Kingdom
536998,21754,HOME BUILDING BLOCK WORD,6,08/10/2011 10:46,6.69,16051.0,United Kingdom
536370,21212,PACK OF 72 RETROSPOT CAKE CASES,19,01/23/2011 12:56,10.2,18180.0,United Kingdom
536763,22139,RETROSPOT TEA SET CERAMIC 11 PC,7,08/24/2011 16:12,7.74,17038.0,United Kingdom
536466,21755,LOVE BUILDING BLOCK WORD,8,08/09/2011 12:07,7.79,13380.0,United Kingdom
536466,85099C,JUMBO BAG BAROQUE BLACK WHITE,20,08/09/2011 12:07,13.54,13380.0,United Kingdom
537211,22138,BAKING SET 9 PIECE RETROSPOT,15,11/15/2011 09:35,18.71,13048.0,United Kingdom
536849,21212,PACK OF 72 RETROSPOT CAKE CASES,3,10/26/2011 18:58,18.94,13764.0,France
536444,21754,HOME BUILDING BLOCK WORD,1,02/12/2011 18:27,4.84,12134.0,United Kingdom
536474,22633,HAND WARMER UNION JACK,1,01/16/2011 11:23,18.43,13192.0,EIRE
536836,22745,POPPY'S PLAYHOUSE BEDROOM,2,09/15/2011 15:40,10.24,14115.0,United Kingdom
536915,23299,FOOD COVER WITH BEADS SET 2,12,09/29/2011 10:28,6.05,18415.0,United Kingdom
536890,84029E,RED WOOLLY HOTTIE WHITE HEART,10,07/11/2011 11:53,2.62,12916.0,United Kingdom
536546,22745,POPPY'S PLAYHOUSE BEDROOM,15,03/15/2011 18:21,11.6,14381.0,United Kingdom
536708,22745,POPPY'S PLAYHOUSE BEDROOM,11,11/16/2011 16:59,2.08,12224.0,United Kingdom
537211,84029E,RED WOOLLY HOTTIE WHITE HEART,11,11/15/2011 09:35,23.85,13048.0,United Kingdom
537178,21777,RECIPE BOX WITH METAL HEART,20,11/26/2011 12:01,13.0,16911.0,United Kingdom
536422,22749,FELTCRAFT PRINCESS CHARLOTTE DOLL,20,06/07/2011 08:24,12.86,12378.0,United Kingdom
536857,21755,LOVE BUILDING BLOCK WORD,2,11/16/2011 06:06,12.35,17387.0,United Kingdom
537234,20726,LUNCH BAG WOODLAND,20,07/01/2011 09:40,6.85,16117.0,United Kingdom
536761,85099B,JUMBO BAG RED RETROSPOT,4,07/03/2011 16:00,14.31,17038.0,United Kingdom
537003,22745,POPPY'S PLAYHOUSE BEDROOM,10,10/08/2011 13:52,8.54,14151.0,United Kingdom
537248,22622,BOX OF VINTAGE ALPHABET BLOCKS,12,10/23/2011 17:29,20.45,17664.0,United Kingdom
536469,22748,POPPY'S PLAYHOUSE KITCHEN,5,01/19/2011 13:40,1.96,13182.0,United Kingdom
537019,21212,PACK OF 72 RETROSPOT CAKE CASES,2,12/01/2011 18:21,0.0,14114.0,United Kingdom
536451,84879,ASSORTED COLOUR BIRD ORNAMENT,9,03/27/2011 09:06,5.25,18304.0,Germany
537133,84879,ASSORTED COLOUR BIRD ORNAMENT,4,06/05/2011 17:45,18.43,14043.0,United Kingdom
537023,85123A,WHITE HANGING HEART T-LIGHT HOLDER,5,10/26/2011 08:28,21.3,16742.0,United Kingdom
536529,71053,WHITE METAL LANTERN,15,09/02/2011 14:11,23.5,12907.0,United Kingdom
536631,84969,BOX OF 6 ASSORTED COLOUR TEASPOONS,9,01/12/2011 14:04,10.4,18277.0,United Kingdom
536422,22632,HAND WARMER RED POLKA DOT,3,06/07/2011 08:24,7.18,12378.0,United Kingdom
537183,21730,GLASS STAR FROSTED T-LIGHT HOLDER,13,03/15/2011 19:07,5.76,12500.0,United Kingdom
537053,21212,PACK OF 72 RETROSPOT CAKE CASES,8,05/03/2011 07:53,4.59,12777.0,United Kingdom
536951,21754,HOME BUILDING BLOCK WORD,16,07/23/2011 18:06,12.0,16595.0,United Kingdom
536970,22310,IVORY KNITTED MUG COSY,5,04/24/2011 11:38,15.16,12481.0,United Kingdom
536972,22961,JAM MAKING SET WITH JARS,3,06/16/2011 19:32,9.3,12481.0,United Kingdom
536487,84879,ASSORTED COLOUR BIRD ORNAMENT,7,10/29/2011 15:07,15.17,13978.0,France
536456,20725,LUNCH BAG RED RETROSPOT,17,07/23/2011 17:28,13.22,18304.0,Germany
536683,22632,HAND WARMER RED POLKA DOT,16,10/17/2011 18:06,6.12,12793.0,United Kingdom
537019,22139,RETROSPOT TEA SET CERAMIC 11 PC,8,12/01/2011 18:21,5.53,14114.0,United Kingdom
536474,22139,RETROSPOT TEA SET CERAMIC 11 PC,19,01/16/2011 11:23,1.21,13192.0,EIRE
536650,23204,GYMKHANA TREASURE BOOK BOX,9,08/25/2011 11:37,5.05,13980.0,United Kingdom
536933,22752,SET 7 BABUSHKA NESTING BOXES,1,10/10/2011 09:12,10.74,13292.0,United Kingdom
536693,22139,RETROSPOT TEA SET CERAMIC 11 PC,18,04/23/2011 11:38,23.09,15219.0,United Kingdom
536442,21730,GLASS STAR FROSTED T-LIGHT HOLDER,11,06/27/2011 16:56,10.87,,EIRE
536879,20725,LUNCH BAG RED RETROSPOT,9,01/19/2011 16:39,16.23,15528.0,EIRE
536463,71053,WHITE METAL LANTERN,14,02/20/2011 19:07,1.72,13380.0,United Kingdom
536743,22960,JAM MAKING SET PRINTED,3,06/14/2011 13:12,14.69,15554.0,Germany
536813,22632,HAND WARMER RED POLKA DOT,1,08/18/2011 07:07,2.86,12575.0,Netherlands
536977,84029G,KNITTED UNION FLAG HOT WATER BOTTLE,3,10/23/2011 07:10,18.62,12481.0,United Kingdom
536378,85099C,JUMBO BAG BAROQUE BLACK WHITE,7,10/04/2011 06:14,13.62,18180.0,United Kingdom
536957,21212,PACK OF 72 RETROSPOT CAKE CASES,8,08/22/2011 07:41,5.89,16739.0,United Kingdom
537103,20726,lunch bag woodland,14,07/11/2011 10:54,14.44,12165.0,United Kingdom
536396,22749,FELTCRAFT PRINCESS CHARLOTTE DOLL,5,10/20/2011 13:50,1.02,15891.0,United Kingdom
537185,23204,GYMKHANA TREASURE BOOK BOX,14,04/21/2011 12:37,10.46,12500.0,United Kingdom
537270,M,SPOTTY BUNTING,12,09/01/2011 19:27,17.09,17802.0,United Kingdom
536488,22138,BAKING SET 9 PIECE RETROSPOT,11,11/30/2011 08:20,16.91,13978.0,France
536886,48187,DOORMAT NEW ENGLAND,15,07/09/2011 10:03,13.96,15528.0,EIRE
536716,20725,LUNCH BAG RED RETROSPOT,12,12/04/2011 14:08,2.51,13682.0,United Kingdom
536404,22633,HAND WARMER UNION JACK,6,07/03/2011 09:29,24.04,13014.0,Germany
536524,21730,GLASS STAR FROSTED T-LIGHT HOLDER,5,01/06/2011 18:17,2.56,12907.0,United Kingdom
536604,22622,BOX OF VINTAGE ALPHABET BLOCKS,16,05/04/2011 15:03,17.6,15949.0,United Kingdom
536850,85099B,JUMBO BAG RED RETROSPOT,10,02/04/2011 12:05,4.06,17387.0,United Kingdom
537042,20725,LUNCH BAG RED RETROSPOT,6,05/17/2011 16:58,4.82,15069.0,United Kingdom
536599,22748,POPPY'S PLAYHOUSE KITCHEN,11,02/16/2011 13:21,15.95,15949.0,United Kingdom
C536402,23204,GYMKHANA TREASURE BOOK BOX,-9,06/11/2011 12:08,20.86,13014.0,Germany
536572,48187,DOORMAT NEW ENGLAND,20,12/08/2011 14:20,5.78,17104.0,United Kingdom
536523,22139,RETROSPOT TEA SET CERAMIC 11 PC,3,11/28/2011 13:14,19.32,15977.0,Germany
537124,23299,FOOD COVER WITH BEADS SET 2,11,02/19/2011 16:49,5.08,16137.0,United Kingdom
537190,23204,GYMKHANA TREASURE BOOK BOX,9,08/06/2011 07:50,22.04,12500.0,United Kingdom
536604,23204,GYMKHANA TREASURE BOOK BOX,15,05/04/2011 15:03,9.73,15949.0,United Kingdom
536397,22749,FELTCRAFT PRINCESS CHARLOTTE DOLL,13,11/08/2011 12:56,12.52,15891.0,United Kingdom
536987,22749,FELTCRAFT PRINCESS CHARLOTTE DOLL,3,05/27/2011 12:01,21.58,12753.0,EIRE
536480,BANK CHARGES,SET 7 BABUSHKA NESTING BOXES,17,05/01/2011 16:19,16.11,13978.0,France
536978,22633,HAND WARMER UNION JACK,13,12/09/2011 17:08,0.76,12481.0,United Kingdom
536688,84029E,RED WOOLLY HOTTIE WHITE HEART,7,02/06/2011 17:56,23.94,15219.0,United Kingdom
536949,21730,GLASS STAR FROSTED T-LIGHT HOLDER,6,06/19/2011 15:52,2.37,16595.0,United Kingdom
536531,71053,WHITE METAL LANTERN,16,01/07/2011 13:49,2.98,13899.0,United Kingdom
537247,22961,JAM MAKING SET WITH JARS,4,10/02/2011 15:55,7.57,17664.0,United Kingdom
C536705,22745,POPPY'S PLAYHOUSE BEDROOM,-1,10/29/2011 14:19,8.91,12224.0,United Kingdom
537085,22745,POPPY'S PLAYHOUSE BEDROOM,8,10/17/2011 19:25,2.78,15210.0,United Kingdom
536766,22632,HAND WARMER RED POLKA DOT,1,03/26/2011 08:31,4.64,18107.0,United Kingdom
536472,22960,JAM MAKING SET PRINTED,15,09/25/2011 17:28,1.46,13182.0,United Kingdom
536608,23203,JUMBO BAG DOILEY PATTERNS,15,01/19/2011 13:39,7.07,13108.0,United Kingdom
536382,22745,POPPY'S PLAYHOUSE BEDROOM,2,03/01/2011 19:33,23.94,16758.0,United Kingdom
536560,20726,LUNCH BAG WOODLAND,1,07/29/2011 11:17,9.45,14964.0,France
536455,20725,LUNCH BAG RED RETROSPOT,4,07/01/2011 14:50,20.27,18304.0,Germany
536389,22961,JAM MAKING SET WITH JARS,14,03/16/2011 19:26,20.06,15891.0,United Kingdom
536516,84029G,KNITTED UNION FLAG HOT WATER BOTTLE,17,03/02/2011 08:58,1.25,15977.0,Germany
536465,85123A,WHITE HANGING HEART T-LIGHT HOLDER,3,07/11/2011 19:30,0.89,13380.0,United Kingdom
537005,22139,RETROSPOT TEA SET CERAMIC 11 PC,15,03/21/2011 12:09,18.08,12413.0,United Kingdom
536466,20726,LUNCH BAG WOODLAND,3,08/09/2011 12:07,3.13,13380.0,United Kingdom
536643,84029E,RED WOOLLY HOTTIE WHITE HEART,17,05/12/2011 08:14,16.17,17255.0,United Kingdom
537165,22310,IVORY KNITTED MUG COSY,14,04/18/2011 08:15,2.63,14667.0,United Kingdom
537272,23204,GYMKHANA TREASURE BOOK BOX,14,10/29/2011 09:56,9.65,17802.0,United Kingdom
536615,84029G,KNITTED UNION FLAG HOT WATER BOTTLE,8,10/20/2011 14:00,21.09,13108.0,United Kingdom
536449,84029E,RED WOOLLY HOTTIE WHITE HEART,11,10/18/2011 09:32,0.0,12134.0,United Kingdom
536759,21212,,7,05/16/2011 07:31,15.45,17038.0,United Kingdom
536589,71053,WHITE METAL LANTERN,11,11/09/2011 09:03,20.43,15851.0,United Kingdom
536378,84029E,RED WOOLLY HOTTIE WHITE HEART,17,10/04/2011 06:14,6.25,18180.0,United Kingdom
536863,22310,IVORY KNITTED MUG COSY,12,04/29/2011 19:48,4.26,14319.0,United Kingdom
536757,22622,BOX OF VINTAGE ALPHABET BLOCKS,10,04/21/2011 19:13,11.85,17038.0,United Kingdom
536869,22752,SET 7 BABUSHKA NESTING BOXES,2,04/20/2011 13:41,13.58,13826.0,United Kingdom
536837,22139,RETROSPOT TEA SET CERAMIC 11 PC,5,10/05/2011 19:43,10.98,14115.0,United Kingdom
536605,22749,FELTCRAFT PRINCESS CHARLOTTE DOLL,9,08/23/2011 14:17,20.78,15949.0,United Kingdom
536555,71053,WHITE METAL LANTERN,11,01/23/2011 08:07,20.18,14964.0,France
536947,23204,,3,05/14/2011 12:25,3.1,16595.0,United Kingdom
536366,23204,GYMKHANA TREASURE BOOK BOX,8,01/12/2011 07:37,11.42,14435.0,United Kingdom
537124,84029E,RED WOOLLY HOTTIE WHITE HEART,11,02/19/2011 16:49,22.26,16137.0,United Kingdom
536424,20726,LUNCH BAG WOODLAND,1,08/27/2011 08:31,18.11,12378.0,United Kingdom
536632,21777,RECIPE BOX WITH METAL HEART,20,01/17/2011 17:39,2.54,18277.0,United Kingdom
536396,22745,POPPY'S PLAYHOUSE BEDROOM,3,10/20/2011 13:50,7.37,15891.0,United Kingdom
537028,22139,RETROSPOT TEA SET CERAMIC 11 PC,1,05/19/2011 13:34,14.15,16144.0,United Kingdom
537042,84406B,CREAM CUPID HEARTS COAT HANGER,4,05/17/2011 16:58,24.31,15069.0,United Kingdom
537184,22961,JAM MAKING SET WITH JARS,15,04/13/2011 16:40,16.48,12500.0,United Kingdom
536748,85099B,JUMBO BAG RED RETROSPOT,12,06/14/2011 06:36,3.19,13202.0,United Kingdom
536805,22310,IVORY KNITTED MUG COSY,5,11/13/2011 14:48,24.44,17992.0,EIRE
537148,21212,PACK OF 72 RETROSPOT CAKE CASES,12,04/20/2011 19:13,4.78,17899.0,United Kingdom
537077,23298,SPOTTY BUNTING,2,07/08/2011 07:47,17.59,17011.0,United Kingdom
536849,85099B,JUMBO BAG RED RETROSPOT,9,10/26/2011 18:58,14.2,13764.0,France
537119,22310,IVORY KNITTED MUG COSY,14,07/21/2011 10:20,13.13,12204.0,United Kingdom
536693,23299,FOOD COVER WITH BEADS SET 2,5,04/23/2011 11:38,24.74,15219.0,United Kingdom
536907,22961,JAM MAKING SET WITH JARS,6,03/11/2011 09:50,2.99,18415.0,United Kingdom
536946,22745,POPPY'S PLAYHOUSE BEDROOM,1,03/11/2011 16:45,3.28,16595.0,United Kingdom
536793,21755,LOVE BUILDING BLOCK WORD,16,11/16/2011 06:47,22.35,15886.0,United Kingdom
536557,22745,POPPY'S PLAYHOUSE BEDROOM,12,04/19/2011 19:36,4.27,14964.0,France
536490,22961,JAM MAKING SET WITH JARS,18,03/22/2011 11:42,9.09,15411.0,United Kingdom
537120,20725,LUNCH BAG RED RETROSPOT,8,07/28/2011 10:31,22.09,12204.0,United Kingdom
536809,48187,DOORMAT NEW ENGLAND,4,02/09/2011 16:06,11.83,12575.0,Netherlands
537041,71053,WHITE METAL LANTERN,14,03/23/2011 19:13,2.22,15069.0,United Kingdom
536509,22139,retrospot tea set ceramic 11 pc,6,04/07/2011 14:14,18.89,13893.0,United Kingdom
536713,20725,LUNCH BAG RED RETROSPOT,15,06/19/2011 15:34,20.67,13682.0,United Kingdom
536838,84879,ASSORTED COLOUR BIRD ORNAMENT,1,10/31/2011 19:18,7.52,14115.0,United Kingdom
537209,22139,RETROSPOT TEA SET CERAMIC 11 PC,16,08/24/2011 17:30,6.54,13048.0,United Kingdom
536649,21212,PACK OF 72 RETROSPOT CAKE CASES,8,08/03/2011 17:33,23.39,13980.0,United Kingdom
536474,22138,BAKING SET 9 PIECE RETROSPOT,15,01/16/2011 11:23,19.1,13192.0,EIRE
536625,21212,PACK OF 72 RETROSPOT CAKE CASES,9,10/02/2011 09:18,14.05,12423.0,United Kingdom
536491,21754,HOME BUILDING BLOCK WORD,10,04/04/2011 18:18,3.4,15411.0,United Kingdom
536480,84879,ASSORTED COLOUR BIRD ORNAMENT,6,05/01/2011 16:19,16.55,13978.0,France
536936,22633,HAND WARMER UNION JACK,10,02/05/2011 08:21,6.21,12036.0,United Kingdom
537028,22749,FELTCRAFT PRINCESS CHARLOTTE DOLL,3,05/19/2011 13:34,18.11,16144.0,United Kingdom
537085,21730,GLASS STAR FROSTED T-LIGHT HOLDER,16,10/17/2011 19:25,23.29,15210.0,United Kingdom
536725,21755,LOVE BUILDING BLOCK WORD,9,12/01/2011 11:35,19.76,16306.0,France
537144,23203,JUMBO BAG DOILEY PATTERNS,9,08/29/2011 15:46,14.16,15306.0,United Kingdom
536723,85099C,JUMBO BAG BAROQUE BLACK WHITE,16,09/08/2011 10:27,20.2,16306.0,France
536860,71053,WHITE METAL LANTERN,12,03/19/2011 13:19,0.0,14319.0,United Kingdom
536716,23203,JUMBO BAG DOILEY PATTERNS,14,12/04/2011 14:08,8.34,13682.0,United Kingdom
537074,21212,PACK OF 72 RETROSPOT CAKE CASES,15,02/02/2011 07:08,10.71,17011.0,United Kingdom
537186,23298,SPOTTY BUNTING,3,05/01/2011 09:08,15.1,12500.0,United Kingdom
537221,23204,GYMKHANA TREASURE BOOK BOX,7,06/08/2011 17:20,5.57,17253.0,United Kingdom
536643,22633,HAND WARMER UNION JACK,8,05/12/2011 08:14,10.57,17255.0,United Kingdom
536503,21212,PACK OF 72 RETROSPOT CAKE CASES,12,07/02/2011 15:03,17.57,14808.0,United Kingdom
537240,22745,POPPY'S PLAYHOUSE BEDROOM,14,03/23/2011 12:50,9.99,17664.0,United Kingdom
536574,D,JAM MAKING SET WITH JARS,20,03/19/2011 14:19,5.35,13298.0,United Kingdom
537039,84969,BOX OF 6 ASSORTED COLOUR TEASPOONS,10,02/27/2011 13:40,5.16,15069.0,United Kingdom
536484,23203,JUMBO BAG DOILEY PATTERNS,17,08/23/2011 12:15,11.61,13978.0,France
537006,22633,HAND WARMER UNION JACK,19,03/22/2011 19:04,10.88,12413.0,United Kingdom
536731,21730,GLASS STAR FROSTED T-LIGHT HOLDER,17,07/17/2011 19:33,16.99,15380.0,United Kingdom
536674,21754,HOME BUILDING BLOCK WORD,10,10/04/2011 09:33,16.29,14861.0,United Kingdom
536388,21212,PACK OF 72 RETROSPOT CAKE CASES,5,02/26/2011 12:35,1.44,15891.0,United Kingdom
536374,22622,BOX OF VINTAGE ALPHABET BLOCKS,17,05/20/2011 07:18,19.07,18180.0,United Kingdom
537183,22633,HAND WARMER UNION JACK,19,03/15/2011 19:07,7.5,12500.0,United Kingdom
536739,21212,PACK OF 72 RETROSPOT CAKE CASES,14,03/03/2011 11:13,14.31,15554.0,Germany
536870,21755,LOVE BUILDING BLOCK WORD,7,05/01/2011 17:56,2.69,13826.0,United Kingdom
536672,84969,BOX OF 6 ASSORTED COLOUR TEASPOONS,3,09/12/2011 14:11,11.24,14861.0,United Kingdom
536872,84969,BOX OF 6 ASSORTED COLOUR TEASPOONS,12,08/30/2011 07:28,7.74,13826.0,United Kingdom
536674,22633,HAND WARMER UNION JACK,15,10/04/2011 09:33,15.54,14861.0,United Kingdom
536506,22632,HAND WARMER RED POLKA DOT,12,09/28/2011 07:43,3.32,14808.0,United Kingdom
537196,22139,RETROSPOT TEA SET CERAMIC 11 PC,1,03/22/2011 16:10,16.79,13883.0,United Kingdom
536755,23203,JUMBO BAG DOILEY PATTERNS,15,04/03/2011 11:17,19.35,17038.0,United Kingdom
537075,22632,HAND WARMER RED POLKA DOT,20,04/16/2011 07:48,13.72,17011.0,United Kingdom
537163,22745,POPPY'S PLAYHOUSE BEDROOM,10,02/07/2011 08:32,22.12,14667.0,United Kingdom
537203,20725,LUNCH BAG RED RETROSPOT,11,10/22/2011 07:59,16.04,13883.0,United Kingdom
537118,21754,HOME BUILDING BLOCK WORD,4,07/16/2011 12:20,6.11,12204.0,United Kingdom
537179,23204,GYMKHANA TREASURE BOOK BOX,5,05/11/2011 17:49,7.15,13487.0,United Kingdom
536671,22632,HAND WARMER RED POLKA DOT,17,09/05/2011 16:08,20.95,14861.0,United Kingdom
536917,22749,FELTCRAFT PRINCESS CHARLOTTE DOLL,11,04/04/2011 09:06,5.23,17020.0,United Kingdom
C536527,22139,RETROSPOT TEA SET CERAMIC 11 PC,-11,04/21/2011 11:53,11.2,12907.0,United Kingdom
536934,22745,POPPY'S PLAYHOUSE BEDROOM,2,10/17/2011 08:46,10.6,13292.0,United Kingdom
536533,22745,POPPY'S PLAYHOUSE BEDROOM,11,05/19/2011 07:01,14.13,13899.0,United Kingdom
536674,84029E,RED WOOLLY HOTTIE WHITE HEART,6,10/04/2011 09:33,3.76,14861.0,United Kingdom
536484,48187,DOORMAT NEW ENGLAND,7,08/23/2011 12:15,19.1,13978.0,France
536543,21754,HOME BUILDING BLOCK WORD,14,01/24/2011 19:06,9.6,14381.0,United Kingdom
536662,23299,FOOD COVER WITH BEADS SET 2,15,06/27/2011 13:07,8.15,16448.0,United Kingdom
537111,23299,FOOD COVER WITH BEADS SET 2,17,11/04/2011 14:36,11.22,12701.0,United Kingdom
536798,22139,retrospot tea set ceramic 11 pc,10,04/29/2011 18:24,13.98,17992.0,EIRE
536758,84029E,RED WOOLLY HOTTIE WHITE HEART,9,05/13/2011 10:10,19.44,17038.0,United Kingdom
536522,22139,RETROSPOT TEA SET CERAMIC 11 PC,18,10/10/2011 09:36,8.54,15977.0,Germany
536922,22749,FELTCRAFT PRINCESS CHARLOTTE DOLL,16,06/03/2011 18:02,3.08,17020.0,United Kingdom
C536607,22633,HAND WARMER UNION JACK,-19,10/05/2011 07:58,16.8,15949.0,United Kingdom
537260,84029E,RED WOOLLY HOTTIE WHITE HEART,20,11/28/2011 15:20,1.98,17224.0,Spain
537113,84879,ASSORTED COLOUR BIRD ORNAMENT,19,02/15/2011 18:18,12.52,12204.0,United Kingdom
536580,22749,FELTCRAFT PRINCESS CHARLOTTE DOLL,14,01/29/2011 12:10,17.49,15343.0,United Kingdom
537223,22752,SET 7 BABUSHKA NESTING BOXES,13,08/18/2011 10:53,21.86,17253.0,United Kingdom
536967,22633,HAND WARMER UNION JACK,6,02/05/2011 19:44,21.52,12481.0,United Kingdom
536538,22960,JAM MAKING SET PRINTED,1,07/20/2011 12:27,12.28,13899.0,United Kingdom
537244,22622,BOX OF VINTAGE ALPHABET BLOCKS,12,07/03/2011 12:26,2.45,17664.0,United Kingdom
537043,85123A,WHITE HANGING HEART T-LIGHT HOLDER,6,07/19/2011 15:38,13.19,15069.0,United Kingdom
536503,22310,IVORY KNITTED MUG COSY,19,07/02/2011 15:03,2.21,14808.0,United Kingdom
536939,23204,GYMKHANA TREASURE BOOK BOX,10,05/16/2011 14:50,18.79,12036.0,United Kingdom
537168,22139,RETROSPOT TEA SET CERAMIC 11 PC,6,10/05/2011 06:13,10.84,14667.0,United Kingdom
536479,23299,FOOD COVER WITH BEADS SET 2,10,01/29/2011 15:11,21.13,13978.0,France
536738,22623,BOX OF VINTAGE JIGSAW BLOCKS,18,01/14/2011 15:08,4.31,15554.0,Germany
536412,84029E,RED WOOLLY HOTTIE WHITE HEART,13,06/13/2011 07:52,12.46,13014.0,United Kingdom
537116,21755,LOVE BUILDING BLOCK WORD,4,06/05/2011 09:45,8.67,12204.0,United Kingdom
536433,22138,BAKING SET 9 PIECE RETROSPOT,3,02/12/2011 19:51,19.78,15907.0,United Kingdom
537238,21777,RECIPE BOX WITH METAL HEART,1,02/07/2011 08:34,2.25,17664.0,United Kingdom
C537228,85099B,JUMBO BAG RED RETROSPOT,-2,10/30/2011 11:01,18.41,17253.0,United Kingdom
536837,85099C,JUMBO BAG BAROQUE BLACK WHITE,4,10/05/2011 19:43,5.92,14115.0,United Kingdom
536795,23298,SPOTTY BUNTING,2,01/17/2011 16:42,22.66,17992.0,EIRE
536828,84029G,KNITTED UNION FLAG HOT WATER BOTTLE,16,02/14/2011 09:17,13.48,14115.0,United Kingdom
536470,22139,RETROSPOT TEA SET CERAMIC 11 PC,11,03/04/2011 11:17,24.26,13182.0,United Kingdom
536661,21212,PACK OF 72 RETROSPOT CAKE CASES,16,04/29/2011 19:17,23.42,16448.0,United Kingdom
537268,84406B,CREAM CUPID HEARTS COAT HANGER,7,03/05/2011 13:39,23.6,17802.0,United Kingdom
537067,85099B,JUMBO BAG RED RETROSPOT,4,11/29/2011 10:42,7.03,16945.0,United Kingdom
537242,85099B,JUMBO BAG RED RETROSPOT,8,05/11/2011 14:06,16.59,17664.0,United Kingdom
537146,85123A,WHITE HANGING HEART T-LIGHT HOLDER,11,10/22/2011 18:54,2.32,15306.0,United Kingdom
536857,85099C,JUMBO BAG BAROQUE BLACK WHITE,17,11/16/2011 06:06,14.89,17387.0,United Kingdom
536446,48187,,19,05/03/2011 13:21,15.02,12134.0,United Kingdom
536734,21730,GLASS STAR FROSTED T-LIGHT HOLDER,7,08/31/2011 10:07,13.7,15380.0,United Kingdom
536628,21755,LOVE BUILDING BLOCK WORD,1,08/04/2011 06:07,22.73,18168.0,France
C536877,21777,RECIPE BOX WITH METAL HEART,-10,11/05/2011 08:50,5.7,13826.0,United Kingdom
537146,85099B,JUMBO BAG RED RETROSPOT,7,10/22/2011 18:54,4.54,15306.0,United Kingdom
537184,22748,POPPY'S PLAYHOUSE KITCHEN,13,04/13/2011 16:40,7.48,12500.0,United Kingdom
536918,84879,ASSORTED COLOUR BIRD ORNAMENT,13,04/07/2011 19:17,5.99,17020.0,United Kingdom
536452,20725,LUNCH BAG RED RETROSPOT,19,04/19/2011 13:48,16.16,18304.0,Germany
536513,22961,JAM MAKING SET WITH JARS,10,10/06/2011 16:35,23.85,,United Kingdom
537167,71053,WHITE METAL LANTERN,8,08/12/2011 17:55,22.1,14667.0,United Kingdom
537268,22139,RETROSPOT TEA SET CERAMIC 11 PC,10,03/05/2011 13:39,12.6,17802.0,United Kingdom
536688,84406B,CREAM CUPID HEARTS COAT HANGER,3,02/06/2011 17:56,20.85,15219.0,United Kingdom
536418,POST,JUMBO BAG RED RETROSPOT,12,09/30/2011 08:37,10.42,13014.0,United Kingdom
536375,22749,FELTCRAFT PRINCESS CHARLOTTE DOLL,5,07/15/2011 14:38,9.57,18180.0,United Kingdom
536972,48187,DOORMAT NEW ENGLAND,14,06/16/2011 19:32,9.7,12481.0,United Kingdom
536836,22749,FELTCRAFT PRINCESS CHARLOTTE DOLL,9,09/15/2011 15:40,17.59,14115.0,United Kingdom
536440,22752,SET 7 BABUSHKA NESTING BOXES,11,02/10/2011 06:46,0.0,16602.0,EIRE
536659,48187,DOORMAT NEW ENGLAND,14,03/30/2011 17:14,23.81,16448.0,United Kingdom
536659,22622,BOX OF VINTAGE ALPHABET BLOCKS,8,03/30/2011 17:14,7.45,16448.0,United Kingdom
536945,22138,BAKING SET 9 PIECE RETROSPOT,2,01/17/2011 18:58,16.35,16595.0,United Kingdom
536403,84879,ASSORTED COLOUR BIRD ORNAMENT,8,06/11/2011 09:41,3.51,13014.0,Germany
537199,84029G,KNITTED UNION FLAG HOT WATER BOTTLE,11,07/29/2011 10:05,19.76,13883.0,United Kingdom
536979,22633,HAND WARMER UNION JACK,10,01/29/2011 11:03,7.74,14330.0,United Kingdom
536969,22622,BOX OF VINTAGE ALPHABET BLOCKS,2,04/15/2011 08:05,2.49,12481.0,United Kingdom
537176,84406B,CREAM CUPID HEARTS COAT HANGER,3,07/18/2011 11:29,8.41,16911.0,United Kingdom
536737,20726,LUNCH BAG WOODLAND,19,10/24/2011 07:59,3.65,15380.0,United Kingdom
537069,22960,JAM MAKING SET PRINTED,10,03/28/2011 18:50,3.12,15648.0,United Kingdom
537040,22633,HAND WARMER UNION JACK,4,02/27/2011 18:51,3.89,15069.0,United Kingdom
536986,22749,FELTCRAFT PRINCESS CHARLOTTE DOLL,19,04/04/2011 09:30,15.82,12753.0,EIRE
536526,20726,LUNCH BAG WOODLAND,4,02/25/2011 10:26,3.74,12907.0,United Kingdom
536594,22138,BAKING SET 9 PIECE RETROSPOT,18,08/31/2011 16:53,16.27,12302.0,United Kingdom
536560,21777,RECIPE BOX WITH METAL HEART,11,07/29/2011 11:17,2.53,14964.0,France
C537052,23203,JUMBO BAG DOILEY PATTERNS,-10,04/23/2011 07:53,17.47,12777.0,United Kingdom
537132,22633,HAND WARMER UNION JACK,13,03/20/2011 06:10,16.46,14043.0,United Kingdom
536709,21754,HOME BUILDING BLOCK WORD,20,05/24/2011 17:59,14.3,17911.0,United Kingdom
537227,22310,IVORY KNITTED MUG COSY,10,10/25/2011 06:31,10.3,17253.0,United Kingdom
537144,22749,FELTCRAFT PRINCESS CHARLOTTE DOLL,3,08/29/2011 15:46,14.93,15306.0,United Kingdom
536767,22749,FELTCRAFT PRINCESS CHARLOTTE DOLL,14,04/28/2011 09:04,8.68,18107.0,United Kingdom
537246,22623,,12,08/07/2011 14:55,14.62,17664.0,United Kingdom
536803,22960,JAM MAKING SET PRINTED,5,09/08/2011 18:19,0.74,17992.0,EIRE
536589,84969,BOX OF 6 ASSORTED COLOUR TEASPOONS,5,11/09/2011 09:03,7.78,15851.0,United Kingdom
537271,22961,JAM MAKING SET WITH JARS,6,10/09/2011 07:59,24.58,17802.0,United Kingdom
536961,22961,JAM MAKING SET WITH JARS,5,11/19/2011 07:17,20.69,16739.0,United Kingdom
536627,23203,JUMBO BAG DOILEY PATTERNS,3,07/25/2011 14:34,8.97,18168.0,France
536448,22310,IVORY KNITTED MUG COSY,5,07/12/2011 15:03,19.13,12134.0,United Kingdom
536523,21212,PACK OF 72 RETROSPOT CAKE CASES,6,11/28/2011 13:14,0.0,15977.0,Germany
537166,22960,JAM MAKING SET PRINTED,4,06/11/2011 14:54,11.95,14667.0,United Kingdom
C537273,22633,HAND WARMER UNION JACK,-6,11/19/2011 12:02,22.51,17802.0,United Kingdom
536539,85099C,JUMBO BAG BAROQUE BLACK WHITE,14,08/22/2011 14:32,17.18,13899.0,United Kingdom
536791,22310,IVORY KNITTED MUG COSY,18,08/23/2011 15:08,17.73,15886.0,United Kingdom
537105,84406B,CREAM CUPID HEARTS COAT HANGER,12,11/09/2011 06:07,12.18,12165.0,United Kingdom
537259,85099C,JUMBO BAG BAROQUE BLACK WHITE,14,10/04/2011 10:36,17.66,17224.0,Spain
C536911,22632,HAND WARMER RED POLKA DOT,-7,07/17/2011 08:24,5.11,18415.0,United Kingdom
C536657,22960,JAM MAKING SET PRINTED,-12,08/25/2011 07:58,24.0,12635.0,United Kingdom
536603,84406B,CREAM CUPID HEARTS COAT HANGER,13,04/28/2011 06:14,21.88,15949.0,United Kingdom
537109,48187,DOORMAT NEW ENGLAND,20,07/10/2011 12:04,19.71,12701.0,United Kingdom
537027,22622,BOX OF VINTAGE ALPHABET BLOCKS,6,05/16/2011 19:26,20.75,16144.0,United Kingdom
536667,22961,JAM MAKING SET WITH JARS,14,05/27/2011 18:47,15.87,14861.0,United Kingdom
537244,85099C,JUMBO BAG BAROQUE BLACK WHITE,8,07/03/2011 12:26,14.89,17664.0,United Kingdom
537062,23203,JUMBO BAG DOILEY PATTERNS,13,04/18/2011 10:14,10.04,16636.0,United Kingdom
537080,22623,BOX OF VINTAGE JIGSAW BLOCKS,6,05/21/2011 07:27,12.94,15210.0,United Kingdom
536617,23298,SPOTTY BUNTING,5,02/06/2011 12:06,24.02,12423.0,United Kingdom
536563,48187,DOORMAT NEW ENGLAND,11,05/09/2011 17:53,11.5,17104.0,United Kingdom
536382,22623,BOX OF VINTAGE JIGSAW BLOCKS,19,03/01/2011 19:33,14.97,16758.0,United Kingdom
537036,21212,PACK OF 72 RETROSPOT CAKE CASES,8,08/12/2011 15:20,14.02,17767.0,United Kingdom
537098,21777,RECIPE BOX WITH METAL HEART,12,02/16/2011 17:47,19.52,14779.0,United Kingdom
537198,22748,POPPY'S PLAYHOUSE KITCHEN,8,07/21/2011 10:51,6.01,13883.0,United Kingdom
536858,85099C,JUMBO BAG BAROQUE BLACK WHITE,8,11/30/2011 19:55,17.91,17387.0,United Kingdom
536373,22633,HAND WARMER UNION JACK,18,04/24/2011 16:46,18.8,18180.0,United Kingdom
536971,22622,BOX OF VINTAGE ALPHABET BLOCKS,14,05/14/2011 12:04,23.44,12481.0,United Kingdom
536525,48187,DOORMAT NEW ENGLAND,13,02/09/2011 07:38,0.72,12907.0,United Kingdom
536552,23204,GYMKHANA TREASURE BOOK BOX,12,07/06/2011 15:04,13.79,14381.0,United Kingdom
536951,85123A,WHITE HANGING HEART T-LIGHT HOLDER,2,07/23/2011 18:06,6.93,16595.0,United Kingdom
536641,21754,HOME BUILDING BLOCK WORD,9,10/29/2011 17:33,14.58,18277.0,United Kingdom
536462,22139,RETROSPOT TEA SET CERAMIC 11 PC,17,11/11/2011 11:43,13.33,17411.0,United Kingdom
537207,22749,FELTCRAFT PRINCESS CHARLOTTE DOLL,7,06/13/2011 19:45,16.63,13048.0,United Kingdom
536834,23204,GYMKHANA TREASURE BOOK BOX,11,05/27/2011 16:11,11.47,14115.0,United Kingdom
536803,85099C,JUMBO BAG BAROQUE BLACK WHITE,14,09/08/2011 18:19,8.75,17992.0,EIRE
C537273,20725,LUNCH BAG RED RETROSPOT,-5,11/19/2011 12:02,16.65,17802.0,United Kingdom
536367,22622,BOX OF VINTAGE ALPHABET BLOCKS,2,03/21/2011 11:17,18.28,14435.0,United Kingdom
537264,84879,ASSORTED COLOUR BIRD ORNAMENT,20,08/30/2011 06:00,9.58,13213.0,United Kingdom
536429,22960,JAM MAKING SET PRINTED,19,03/06/2011 07:28,7.74,17630.0,United Kingdom
536498,22623,BOX OF VINTAGE JIGSAW BLOCKS,2,10/27/2011 07:11,16.77,15411.0,United Kingdom
537142,22749,FELTCRAFT PRINCESS CHARLOTTE DOLL,7,06/27/2011 10:44,17.41,15306.0,United Kingdom
536834,22752,SET 7 BABUSHKA NESTING BOXES,4,05/27/2011 16:11,4.28,14115.0,United Kingdom
536592,22310,IVORY KNITTED MUG COSY,8,04/07/2011 19:36,16.27,12302.0,United Kingdom
537167,84029E,RED WOOLLY HOTTIE WHITE HEART,12,08/12/2011 17:55,12.37,14667.0,United Kingdom
536472,22960,JAM MAKING SET PRINTED,20,09/25/2011 17:28,24.85,13182.0,United Kingdom
536917,22961,JAM MAKING SET WITH JARS,9,04/04/2011 09:06,7.83,17020.0,United Kingdom
536489,22633,HAND WARMER UNION JACK,7,01/21/2011 15:49,0.88,15411.0,United Kingdom
537116,22961,JAM MAKING SET WITH JARS,19,06/05/2011 09:45,15.32,12204.0,United Kingdom
536369,84029E,RED WOOLLY HOTTIE WHITE HEART,20,09/11/2011 10:29,15.96,14435.0,United Kingdom
536954,20726,LUNCH BAG WOODLAND,6,03/24/2011 19:44,22.36,16739.0,United Kingdom
536669,22622,BOX OF VINTAGE ALPHABET BLOCKS,3,07/11/2011 10:38,5.57,14861.0,United Kingdom
537233,48187,DOORMAT NEW ENGLAND,1,05/12/2011 06:09,14.42,16117.0,United Kingdom
536752,23204,GYMKHANA TREASURE BOOK BOX,13,04/11/2011 09:31,6.24,18302.0,United Kingdom
537229,22138,BAKING SET 9 PIECE RETROSPOT,20,01/09/2011 13:26,16.78,16117.0,United Kingdom
536812,22745,POPPY'S PLAYHOUSE BEDROOM,3,06/27/2011 15:06,9.32,12575.0,Netherlands
536590,23299,FOOD COVER WITH BEADS SET 2,19,11/10/2011 07:12,1.13,15851.0,United Kingdom
537144,POST,RECIPE BOX WITH METAL HEART,12,08/29/2011 15:46,15.71,15306.0,United Kingdom
537203,84969,BOX OF 6 ASSORTED COLOUR TEASPOONS,7,10/22/2011 07:59,7.94,13883.0,United Kingdom
536856,21755,LOVE BUILDING BLOCK WORD,19,09/03/2011 12:01,20.72,17387.0,United Kingdom
536704,21730,GLASS STAR FROSTED T-LIGHT HOLDER,1,10/19/2011 11:55,7.58,12224.0,United Kingdom
536679,84406B,CREAM CUPID HEARTS COAT HANGER,18,04/26/2011 16:19,13.17,12793.0,United Kingdom
537170,20725,LUNCH BAG RED RETROSPOT,17,01/08/2011 12:16,9.55,16911.0,United Kingdom
536727,84406B,CREAM CUPID HEARTS COAT HANGER,5,04/27/2011 13:51,12.21,14026.0,United Kingdom
536704,20726,LUNCH BAG WOODLAND,18,10/19/2011 11:55,23.1,12224.0,United Kingdom
536943,21777,RECIPE BOX WITH METAL HEART,20,07/09/2011 17:27,0.0,17300.0,United Kingdom
536869,23203,JUMBO BAG DOILEY PATTERNS,7,04/20/2011 13:41,21.99,13826.0,United Kingdom
536639,22745,POPPY'S PLAYHOUSE BEDROOM,6,10/08/2011 11:32,14.28,18277.0,United Kingdom
537112,22960,JAM MAKING SET PRINTED,18,11/23/2011 09:29,12.8,12701.0,United Kingdom
536716,71053,WHITE METAL LANTERN,6,12/04/2011 14:08,11.53,13682.0,United Kingdom
537197,22749,FELTCRAFT PRINCESS CHARLOTTE DOLL,12,04/01/2011 18:07,12.63,13883.0,United Kingdom
537211,22752,SET 7 BABUSHKA NESTING BOXES,15,11/15/2011 09:35,6.42,13048.0,United Kingdom
537278,84879,ASSORTED COLOUR BIRD ORNAMENT,4,06/01/2011 11:02,17.17,15506.0,United Kingdom
536667,21755,LOVE BUILDING BLOCK WORD,15,05/27/2011 18:47,15.88,14861.0,United Kingdom
536502,20725,LUNCH BAG RED RETROSPOT,2,07/01/2011 19:33,11.52,14808.0,United Kingdom
536464,22138,BAKING SET 9 PIECE RETROSPOT,8,03/30/2011 12:05,1.11,13380.0,United Kingdom
536884,22745,POPPY'S PLAYHOUSE BEDROOM,2,06/06/2011 10:26,15.46,15528.0,EIRE
536905,84879,ASSORTED COLOUR BIRD ORNAMENT,5,02/08/2011 10:37,11.91,18415.0,United Kingdom
536513,22310,IVORY KNITTED MUG COSY,13,10/06/2011 16:35,22.82,13893.0,United Kingdom
536488,48187,DOORMAT NEW ENGLAND,6,11/30/2011 08:20,10.04,13978.0,France
536366,22310,IVORY KNITTED MUG COSY,8,01/12/2011 07:37,12.79,14435.0,United Kingdom
536866,20726,LUNCH BAG WOODLAND,17,08/15/2011 08:51,19.87,14319.0,United Kingdom
536443,22961,JAM MAKING SET WITH JARS,4,09/25/2011 07:47,10.48,16602.0,EIRE
536804,84029E,RED WOOLLY HOTTIE WHITE HEART,4,10/02/2011 15:44,20.47,17992.0,EIRE
536827,22632,HAND WARMER RED POLKA DOT,8,10/17/2011 16:42,3.16,12294.0,United Kingdom
536580,22622,BOX OF VINTAGE ALPHABET BLOCKS,10,01/29/2011 12:10,7.7,15343.0,United Kingdom
536601,22749,FELTCRAFT PRINCESS CHARLOTTE DOLL,12,03/07/2011 06:02,23.68,15949.0,United Kingdom
536969,22745,POPPY'S PLAYHOUSE BEDROOM,14,04/15/2011 08:05,24.34,12481.0,United Kingdom
537174,84406B,CREAM CUPID HEARTS COAT HANGER,18,06/07/2011 12:01,18.5,,United Kingdom
536463,21754,HOME BUILDING BLOCK WORD,15,02/20/2011 19:07,22.58,13380.0,United Kingdom
536386,22632,HAND WARMER RED POLKA DOT,9,11/14/2011 15:51,3.25,16758.0,United Kingdom
536478,84029E,RED WOOLLY HOTTIE WHITE HEART,10,11/23/2011 14:36,10.17,13192.0,EIRE
537227,22138,BAKING SET 9 PIECE RETROSPOT,9,10/25/2011 06:31,15.64,17253.0,United Kingdom
536573,84879,ASSORTED COLOUR BIRD ORNAMENT,19,01/23/2011 11:59,23.64,13298.0,United Kingdom
536584,85099B,JUMBO BAG RED RETROSPOT,10,04/30/2011 12:34,2.35,15343.0,United Kingdom
536653,84029G,KNITTED UNION FLAG HOT WATER BOTTLE,6,03/31/2011 12:47,9.95,12635.0,United Kingdom
537277,48187,DOORMAT NEW ENGLAND,2,05/10/2011 09:21,3.15,15506.0,United Kingdom
537100,20725,LUNCH BAG RED RETROSPOT,15,02/14/2011 06:15,23.75,12165.0,United Kingdom
C536415,22622,BOX OF VINTAGE ALPHABET BLOCKS,-19,07/20/2011 17:38,16.61,13014.0,United Kingdom
536625,DOT,BOX OF VINTAGE ALPHABET BLOCKS,1,10/02/2011 09:18,8.51,12423.0,United Kingdom
536750,85099B,JUMBO BAG RED RETROSPOT,19,11/14/2011 13:36,4.56,13202.0,United Kingdom
536992,23204,GYMKHANA TREASURE BOOK BOX,17,03/10/2011 11:28,23.22,17610.0,United Kingdom
536941,22623,BOX OF VINTAGE JIGSAW BLOCKS,14,03/04/2011 17:29,4.74,17300.0,United Kingdom
536999,21212,PACK OF 72 RETROSPOT CAKE CASES,12,10/10/2011 07:46,4.05,16051.0,United Kingdom
536720,84029G,KNITTED UNION FLAG HOT WATER BOTTLE,4,04/28/2011 06:09,10.63,16306.0,France
536435,22632,HAND WARMER RED POLKA DOT,13,04/29/2011 07:08,11.53,15907.0,United Kingdom
536858,23299,FOOD COVER WITH BEADS SET 2,1,11/30/2011 19:55,10.75,17387.0,United Kingdom
536767,23203,JUMBO BAG DOILEY PATTERNS,11,04/28/2011 09:04,3.38,18107.0,United Kingdom
536520,21730,GLASS STAR FROSTED T-LIGHT HOLDER,17,08/10/2011 19:41,22.92,15977.0,Germany
536809,21212,PACK OF 72 RETROSPOT CAKE CASES,7,02/09/2011 16:06,13.01,12575.0,Netherlands
536958,22138,BAKING SET 9 PIECE RETROSPOT,5,09/12/2011 07:36,21.31,16739.0,United Kingdom
536419,85099C,JUMBO BAG BAROQUE BLACK WHITE,15,04/12/2011 19:00,19.02,12378.0,United Kingdom
537155,22960,JAM MAKING SET PRINTED,4,05/21/2011 08:40,8.78,13620.0,United Kingdom
537254,22623,BOX OF VINTAGE JIGSAW BLOCKS,1,07/06/2011 09:15,21.41,17224.0,Spain
536789,21755,LOVE BUILDING BLOCK WORD,2,05/26/2011 18:16,4.05,15886.0,United Kingdom
536784,21755,LOVE BUILDING BLOCK WORD,15,06/14/2011 16:27,0.0,17816.0,United Kingdom
536843,22622,BOX OF VINTAGE ALPHABET BLOCKS,6,08/24/2011 06:30,17.7,14526.0,United Kingdom
536433,85123A,WHITE HANGING HEART T-LIGHT HOLDER,9,02/12/2011 19:51,13.56,15907.0,United Kingdom
536488,21777,RECIPE BOX WITH METAL HEART,16,11/30/2011 08:20,20.39,13978.0,France
536496,21777,RECIPE BOX WITH METAL HEART,19,08/05/2011 06:00,15.18,15411.0,United Kingdom
536515,22961,JAM MAKING SET WITH JARS,8,11/18/2011 06:36,9.72,13893.0,United Kingdom
536736,21730,GLASS STAR FROSTED T-LIGHT HOLDER,13,10/17/2011 16:03,1.74,15380.0,United Kingdom
536436,21754,HOME BUILDING BLOCK WORD,2,09/14/2011 16:06,17.32,15907.0,United Kingdom
536489,22310,IVORY KNITTED MUG COSY,14,01/21/2011 15:49,12.7,15411.0,United Kingdom
537208,20725,LUNCH BAG RED RETROSPOT,9,08/20/2011 06:20,3.04,13048.0,United Kingdom
536781,84029G,KNITTED UNION FLAG HOT WATER BOTTLE,17,05/29/2011 18:13,23.56,17816.0,United Kingdom
536855,71053,WHITE METAL LANTERN,7,08/21/2011 16:44,21.45,17387.0,United Kingdom
537271,23203,JUMBO BAG DOILEY PATTERNS,2,10/09/2011 07:59,4.24,17802.0,United Kingdom
536957,22139,RETROSPOT TEA SET CERAMIC 11 PC,18,08/22/2011 07:41,24.07,16739.0,United Kingdom
537098,22960,JAM MAKING SET PRINTED,8,02/16/2011 17:47,11.28,14779.0,United Kingdom
537119,22139,RETROSPOT TEA SET CERAMIC 11 PC,11,07/21/2011 10:20,18.96,12204.0,United Kingdom
537073,48187,DOORMAT NEW ENGLAND,19,11/30/2011 10:38,3.83,15648.0,United Kingdom
537247,22748,POPPY'S PLAYHOUSE KITCHEN,1,10/02/2011 15:55,15.86,17664.0,United Kingdom
536625,20725,LUNCH BAG RED RETROSPOT,6,10/02/2011 09:18,24.49,12423.0,United Kingdom
536508,84029G,KNITTED UNION FLAG HOT WATER BOTTLE,8,03/29/2011 17:55,18.55,13893.0,United Kingdom
536755,21754,HOME BUILDING BLOCK WORD,4,04/03/2011 11:17,6.67,17038.0,United Kingdom
536790,22745,POPPY'S PLAYHOUSE BEDROOM,18,06/14/2011 15:59,7.4,15886.0,United Kingdom
536954,22752,SET 7 BABUSHKA NESTING BOXES,10,03/24/2011 19:44,20.8,16739.0,United Kingdom
537050,85099C,JUMBO BAG BAROQUE BLACK WHITE,16,02/14/2011 18:55,1.57,12777.0,United Kingdom
536736,21212,PACK OF 72 RETROSPOT CAKE CASES,13,10/17/2011 16:03,4.8,15380.0,United Kingdom
536728,22961,JAM MAKING SET WITH JARS,12,05/18/2011 14:34,2.04,14026.0,United Kingdom
536813,71053,WHITE METAL LANTERN,6,08/18/2011 07:07,9.79,12575.0,Netherlands
537095,22139,RETROSPOT TEA SET CERAMIC 11 PC,13,10/07/2011 16:47,17.44,15398.0,Germany
536957,22961,JAM MAKING SET WITH JARS,13,08/22/2011 07:41,22.7,16739.0,United Kingdom
537166,23203,JUMBO BAG DOILEY PATTERNS,7,06/11/2011 14:54,22.77,,United Kingdom
537103,23299,,9,07/11/2011 10:54,4.4,12165.0,United Kingdom
536954,22749,FELTCRAFT PRINCESS CHARLOTTE DOLL,5,03/24/2011 19:44,21.71,16739.0,United Kingdom
536971,22622,BOX OF VINTAGE ALPHABET BLOCKS,9,05/14/2011 12:04,9.77,12481.0,United Kingdom
536986,21730,,17,04/04/2011 09:30,15.38,12753.0,EIRE
537102,21212,PACK OF 72 RETROSPOT CAKE CASES,14,06/30/2011 18:22,19.58,12165.0,United Kingdom
536912,22310,IVORY KNITTED MUG COSY,3,07/25/2011 09:58,19.63,18415.0,United Kingdom
537266,85099C,JUMBO BAG BAROQUE BLACK WHITE,7,01/17/2011 14:53,19.86,17802.0,United Kingdom
536537,21777,RECIPE BOX WITH METAL HEART,20,07/18/2011 15:11,14.87,13899.0,United Kingdom
536791,20725,LUNCH BAG RED RETROSPOT,9,08/23/2011 15:08,9.47,15886.0,United Kingdom
536944,23204,GYMKHANA TREASURE BOOK BOX,13,10/01/2011 07:21,24.18,17300.0,United Kingdom
536835,84969,BOX OF 6 ASSORTED COLOUR TEASPOONS,1,07/21/2011 18:18,23.63,14115.0,United Kingdom
536842,20725,LUNCH BAG RED RETROSPOT,2,08/01/2011 11:59,5.04,14526.0,United Kingdom
537001,85123A,WHITE HANGING HEART T-LIGHT HOLDER,2,06/09/2011 07:52,3.66,14151.0,United Kingdom
536697,84879,ASSORTED COLOUR BIRD ORNAMENT,11,02/14/2011 12:03,12.72,12224.0,United Kingdom
537212,21212,PACK OF 72 RETROSPOT CAKE CASES,2,03/12/2011 17:59,23.92,18043.0,United Kingdom
536547,22752,SET 7 BABUSHKA NESTING BOXES,4,04/05/2011 10:10,0.45,14381.0,United Kingdom
536578,22622,BOX OF VINTAGE ALPHABET BLOCKS,4,12/08/2011 07:22,18.06,13298.0,United Kingdom
536523,21755,LOVE BUILDING BLOCK WORD,8,11/28/2011 13:14,17.88,15977.0,Germany
536963,85099B,JUMBO BAG RED RETROSPOT,10,07/09/2011 13:44,22.38,17013.0,United Kingdom
537070,84406B,CREAM CUPID HEARTS COAT HANGER,7,06/22/2011 06:29,7.35,15648.0,United Kingdom
537136,22752,SET 7 BABUSHKA NESTING BOXES,5,09/25/2011 11:09,10.29,14043.0,United Kingdom
537160,23299,FOOD COVER WITH BEADS SET 2,6,10/15/2011 12:22,12.05,13620.0,United Kingdom
537008,85123A,WHITE HANGING HEART T-LIGHT HOLDER,7,05/15/2011 15:49,24.75,12413.0,United Kingdom
536671,71053,WHITE METAL LANTERN,2,09/05/2011 16:08,16.66,14861.0,United Kingdom
536518,22749,FELTCRAFT PRINCESS CHARLOTTE DOLL,20,04/01/2011 07:58,13.31,15977.0,Germany
537159,22139,RETROSPOT TEA SET CERAMIC 11 PC,5,10/11/2011 11:49,13.59,13620.0,United Kingdom
537140,22138,BAKING SET 9 PIECE RETROSPOT,19,04/20/2011 08:47,16.34,15306.0,United Kingdom
536405,21777,RECIPE BOX WITH METAL HEART,20,07/12/2011 17:53,20.14,13014.0,Germany
536925,23299,FOOD COVER WITH BEADS SET 2,11,06/27/2011 16:30,22.7,17020.0,United Kingdom
537143,20726,lunch bag woodland,20,08/13/2011 07:03,4.25,15306.0,United Kingdom
536442,22622,BOX OF VINTAGE ALPHABET BLOCKS,12,06/27/2011 16:56,23.76,16602.0,EIRE
536437,84029G,KNITTED UNION FLAG HOT WATER BOTTLE,13,10/23/2011 16:22,7.17,15907.0,United Kingdom
536534,22310,IVORY KNITTED MUG COSY,7,05/30/2011 13:37,7.23,13899.0,United Kingdom
536874,21212,PACK OF 72 RETROSPOT CAKE CASES,15,10/12/2011 15:31,17.29,13826.0,United Kingdom
536870,22745,POPPY'S PLAYHOUSE BEDROOM,1,05/01/2011 17:56,1.1,13826.0,United Kingdom
537000,22749,FELTCRAFT PRINCESS CHARLOTTE DOLL,3,03/05/2011 08:41,3.93,14151.0,United Kingdom
536563,21730,GLASS STAR FROSTED T-LIGHT HOLDER,6,05/09/2011 17:53,11.43,17104.0,United Kingdom
536823,23204,GYMKHANA TREASURE BOOK BOX,9,03/26/2011 16:13,20.58,12294.0,United Kingdom
536550,21755,LOVE BUILDING BLOCK WORD,1,04/24/2011 09:17,21.18,14381.0,United Kingdom
536974,22139,RETROSPOT TEA SET CERAMIC 11 PC,6,08/27/2011 11:44,8.87,12481.0,United Kingdom
536679,22749,FELTCRAFT PRINCESS CHARLOTTE DOLL,12,04/26/2011 16:19,22.15,12793.0,United Kingdom
536740,22633,HAND WARMER UNION JACK,19,05/03/2011 09:11,15.01,15554.0,Germany
536381,84029G,KNITTED UNION FLAG HOT WATER BOTTLE,11,01/05/2011 12:44,1.82,16758.0,United Kingdom
537040,22633,HAND WARMER UNION JACK,15,02/27/2011 18:51,23.12,15069.0,United Kingdom
536759,DOT,FELTCRAFT PRINCESS CHARLOTTE DOLL,20,05/16/2011 07:31,10.03,17038.0,United Kingdom
537034,23204,GYMKHANA TREASURE BOOK BOX,8,06/21/2011 12:58,0.52,17767.0,United Kingdom
537244,23298,SPOTTY BUNTING,11,07/03/2011 12:26,10.69,17664.0,United Kingdom
536746,85123A,WHITE HANGING HEART T-LIGHT HOLDER,3,03/09/2011 08:08,16.29,13202.0,United Kingdom
C536607,84969,BOX OF 6 ASSORTED COLOUR TEASPOONS,-15,10/05/2011 07:58,24.62,15949.0,United Kingdom
537095,71053,WHITE METAL LANTERN,18,10/07/2011 16:47,12.22,15398.0,Germany
536876,22633,HAND WARMER UNION JACK,12,10/31/2011 11:58,7.88,13826.0,United Kingdom
536925,84879,ASSORTED COLOUR BIRD ORNAMENT,15,06/27/2011 16:30,1.99,17020.0,United Kingdom
C536561,23299,FOOD COVER WITH BEADS SET 2,-8,02/24/2011 11:40,10.7,17104.0,United Kingdom
537193,22745,POPPY'S PLAYHOUSE BEDROOM,19,12/04/2011 13:21,15.94,12500.0,United Kingdom
536655,22749,FELTCRAFT PRINCESS CHARLOTTE DOLL,17,05/07/2011 06:49,7.42,12635.0,United Kingdom
C536657,21754,HOME BUILDING BLOCK WORD,-8,08/25/2011 07:58,15.26,12635.0,United Kingdom
536535,22748,POPPY'S PLAYHOUSE KITCHEN,12,06/26/2011 15:06,8.4,13899.0,United Kingdom
536401,23203,JUMBO BAG DOILEY PATTERNS,19,06/03/2011 09:31,14.24,13014.0,Germany
537135,71053,WHITE METAL LANTERN,13,08/08/2011 09:24,19.3,14043.0,United Kingdom
536459,21212,PACK OF 72 RETROSPOT CAKE CASES,17,04/19/2011 16:58,9.28,17411.0,United Kingdom
C537052,23204,GYMKHANA TREASURE BOOK BOX,-10,04/23/2011 07:53,7.14,12777.0,United Kingdom
536448,85099C,JUMBO BAG BAROQUE BLACK WHITE,14,07/12/2011 15:03,4.72,12134.0,United Kingdom
536633,22138,BAKING SET 9 PIECE RETROSPOT,1,01/28/2011 12:50,13.97,18277.0,United Kingdom
537178,22748,POPPY'S PLAYHOUSE KITCHEN,9,11/26/2011 12:01,18.08,16911.0,United Kingdom
536411,85099C,JUMBO BAG BAROQUE BLACK WHITE,4,04/18/2011 17:08,21.78,13014.0,United Kingdom
536525,21777,RECIPE BOX WITH METAL HEART,9,02/09/2011 07:38,12.49,12907.0,United Kingdom
536819,85099B,JUMBO BAG RED RETROSPOT,19,08/16/2011 11:02,0.96,13274.0,United Kingdom
536694,84879,ASSORTED COLOUR BIRD ORNAMENT,4,05/23/2011 09:13,1.34,15219.0,United Kingdom
536878,20725,LUNCH BAG RED RETROSPOT,5,01/05/2011 18:08,21.63,15528.0,EIRE
536897,23299,FOOD COVER WITH BEADS SET 2,2,08/20/2011 06:27,22.06,17214.0,United Kingdom
536927,21730,GLASS STAR FROSTED T-LIGHT HOLDER,17,02/04/2011 07:44,19.18,13292.0,United Kingdom
536892,84029E,RED WOOLLY HOTTIE WHITE HEART,18,01/05/2011 13:48,1.18,17214.0,United Kingdom
536740,22139,RETROSPOT TEA SET CERAMIC 11 PC,11,05/03/2011 09:11,0.0,15554.0,Germany
536479,22622,BOX OF VINTAGE ALPHABET BLOCKS,7,01/29/2011 15:11,15.97,13978.0,France
536549,22139,RETROSPOT TEA SET CERAMIC 11 PC,12,04/12/2011 16:10,24.0,14381.0,United Kingdom
536447,23204,GYMKHANA TREASURE BOOK BOX,9,06/16/2011 15:28,5.7,12134.0,United Kingdom
C536618,23298,spotty bunting,-6,05/04/2011 06:35,17.36,12423.0,United Kingdom
536372,20726,LUNCH BAG WOODLAND,17,03/19/2011 12:24,6.57,18180.0,United Kingdom
536984,22623,BOX OF VINTAGE JIGSAW BLOCKS,2,02/27/2011 08:20,17.03,12753.0,EIRE
536566,22623,BOX OF VINTAGE JIGSAW BLOCKS,12,09/12/2011 08:05,10.12,17104.0,United Kingdom
536727,84029G,KNITTED UNION FLAG HOT WATER BOTTLE,17,04/27/2011 13:51,7.75,14026.0,United Kingdom
536549,20725,LUNCH BAG RED RETROSPOT,12,04/12/2011 16:10,18.11,14381.0,United Kingdom
536836,84969,BOX OF 6 ASSORTED COLOUR TEASPOONS,3,09/15/2011 15:40,24.27,14115.0,United Kingdom
536697,21777,RECIPE BOX WITH METAL HEART,17,02/14/2011 12:03,1.43,12224.0,United Kingdom
537261,22748,POPPY'S PLAYHOUSE KITCHEN,4,02/05/2011 12:44,8.04,13213.0,United Kingdom
536446,22745,POPPY'S PLAYHOUSE BEDROOM,12,05/03/2011 13:21,8.05,12134.0,United Kingdom
C536402,48187,DOORMAT NEW ENGLAND,-11,06/11/2011 12:08,19.05,13014.0,Germany
536995,22748,POPPY'S PLAYHOUSE KITCHEN,1,10/21/2011 10:13,4.34,17610.0,United Kingdom
536970,84406B,CREAM CUPID HEARTS COAT HANGER,8,04/24/2011 11:38,1.32,12481.0,United Kingdom
536554,84029E,RED WOOLLY HOTTIE WHITE HEART,10,10/22/2011 14:20,17.52,14381.0,United Kingdom
536552,85123A,WHITE HANGING HEART T-LIGHT HOLDER,9,07/06/2011 15:04,5.7,14381.0,United Kingdom
536589,20725,LUNCH BAG RED RETROSPOT,11,11/09/2011 09:03,7.02,15851.0,United Kingdom
536424,23204,GYMKHANA TREASURE BOOK BOX,5,08/27/2011 08:31,2.25,12378.0,United Kingdom
536408,23204,GYMKHANA TREASURE BOOK BOX,16,11/11/2011 11:17,14.01,13014.0,Germany
537094,84969,BOX OF 6 ASSORTED COLOUR TEASPOONS,1,07/18/2011 13:08,23.22,15398.0,Germany
536929,21755,LOVE BUILDING BLOCK WORD,4,05/17/2011 08:53,13.51,13292.0,United Kingdom
537261,22748,POPPY'S PLAYHOUSE KITCHEN,14,02/05/2011 12:44,21.94,13213.0,United Kingdom
536935,84029E,RED WOOLLY HOTTIE WHITE HEART,7,11/12/2011 09:29,10.48,13292.0,United Kingdom
536496,23299,FOOD COVER WITH BEADS SET 2,16,08/05/2011 06:00,22.19,15411.0,United Kingdom
536720,84406B,CREAM CUPID HEARTS COAT HANGER,19,04/28/2011 06:09,20.93,16306.0,France
536815,84406B,CREAM CUPID HEARTS COAT HANGER,6,09/30/2011 13:31,14.05,12575.0,Netherlands
536980,20726,LUNCH BAG WOODLAND,11,03/21/2011 12:13,7.72,14330.0,United Kingdom
536834,23299,FOOD COVER WITH BEADS SET 2,5,05/27/2011 16:11,21.15,14115.0,United Kingdom
536589,85099B,JUMBO BAG RED RETROSPOT,9,11/09/2011 09:03,22.38,15851.0,United Kingdom
536435,84406B,CREAM CUPID HEARTS COAT HANGER,2,04/29/2011 07:08,7.87,15907.0,United Kingdom
536595,71053,WHITE METAL LANTERN,16,10/15/2011 06:51,24.84,12302.0,United Kingdom
537216,22961,JAM MAKING SET WITH JARS,3,11/30/2011 08:41,4.87,18043.0,United Kingdom
536629,22749,FELTCRAFT PRINCESS CHARLOTTE DOLL,11,09/23/2011 10:57,13.0,18168.0,France
537068,84406B,CREAM CUPID HEARTS COAT HANGER,19,02/21/2011 07:12,13.15,15648.0,United Kingdom
536631,71053,WHITE METAL LANTERN,13,01/12/2011 14:04,16.9,18277.0,United Kingdom
536904,21777,RECIPE BOX WITH METAL HEART,19,01/27/2011 06:08,11.09,18415.0,United Kingdom
536433,22622,BOX OF VINTAGE ALPHABET BLOCKS,19,02/12/2011 19:51,9.75,15907.0,United Kingdom
537259,23298,SPOTTY BUNTING,14,10/04/2011 10:36,3.95,17224.0,Spain
536996,84879,ASSORTED COLOUR BIRD ORNAMENT,9,10/29/2011 09:02,23.12,17610.0,United Kingdom
536985,21755,LOVE BUILDING BLOCK WORD,16,03/12/2011 13:18,2.44,12753.0,EIRE
537221,22752,SET 7 BABUSHKA NESTING BOXES,17,06/08/2011 17:20,9.23,17253.0,United Kingdom
537209,DOT,JUMBO BAG RED RETROSPOT,2,08/24/2011 17:30,19.54,13048.0,United Kingdom
536788,21777,RECIPE BOX WITH METAL HEART,19,05/25/2011 16:41,3.65,15886.0,United Kingdom
536740,84029E,RED WOOLLY HOTTIE WHITE HEART,19,05/03/2011 09:11,20.9,15554.0,Germany
537251,48187,DOORMAT NEW ENGLAND,1,03/03/2011 18:28,3.15,17224.0,Spain
536632,21730,GLASS STAR FROSTED T-LIGHT HOLDER,10,01/17/2011 17:39,19.68,18277.0,United Kingdom
537019,20725,LUNCH BAG RED RETROSPOT,5,12/01/2011 18:21,8.72,14114.0,United Kingdom
536827,22752,SET 7 BABUSHKA NESTING BOXES,13,10/17/2011 16:42,23.51,12294.0,United Kingdom
536837,22310,IVORY KNITTED MUG COSY,7,10/05/2011 19:43,23.58,14115.0,United Kingdom
537022,85099C,JUMBO BAG BAROQUE BLACK WHITE,2,10/04/2011 10:30,9.32,16742.0,United Kingdom
536401,22632,HAND WARMER RED POLKA DOT,20,06/03/2011 09:31,13.5,13014.0,Germany
536798,22632,HAND WARMER RED POLKA DOT,7,04/29/2011 18:24,4.97,17992.0,EIRE
537271,84969,BOX OF 6 ASSORTED COLOUR TEASPOONS,12,10/09/2011 07:59,22.88,17802.0,United Kingdom
537133,21777,RECIPE BOX WITH METAL HEART,11,06/05/2011 17:45,10.83,14043.0,United Kingdom
536958,22632,HAND WARMER RED POLKA DOT,17,09/12/2011 07:36,16.67,16739.0,United Kingdom
536603,84969,BOX OF 6 ASSORTED COLOUR TEASPOONS,5,04/28/2011 06:14,5.59,15949.0,United Kingdom
537126,22623,BOX OF VINTAGE JIGSAW BLOCKS,12,08/19/2011 09:00,12.27,16137.0,United Kingdom
536646,23204,GYMKHANA TREASURE BOOK BOX,20,11/05/2011 15:36,3.91,17255.0,United Kingdom
536574,84029G,KNITTED UNION FLAG HOT WATER BOTTLE,8,03/19/2011 14:19,15.15,13298.0,United Kingdom
536933,85123A,WHITE HANGING HEART T-LIGHT HOLDER,11,10/10/2011 09:12,20.51,13292.0,United Kingdom
536682,22752,SET 7 BABUSHKA NESTING BOXES,20,10/02/2011 08:31,8.7,12793.0,United Kingdom
536963,22310,IVORY KNITTED MUG COSY,7,07/09/2011 13:44,20.11,17013.0,United Kingdom
C537052,22960,JAM MAKING SET PRINTED,-13,04/23/2011 07:53,2.37,12777.0,United Kingdom
536458,22139,RETROSPOT TEA SET CERAMIC 11 PC,11,02/17/2011 10:35,20.33,17411.0,United Kingdom
536812,21754,HOME BUILDING BLOCK WORD,13,06/27/2011 15:06,9.14,12575.0,Netherlands
536808,23298,SPOTTY BUNTING,16,01/26/2011 15:04,9.39,12575.0,Netherlands
537018,22752,SET 7 BABUSHKA NESTING BOXES,8,10/10/2011 19:54,22.07,14114.0,United Kingdom
536494,84029G,KNITTED UNION FLAG HOT WATER BOTTLE,3,07/19/2011 08:26,16.39,15411.0,United Kingdom
536611,84969,BOX OF 6 ASSORTED COLOUR TEASPOONS,11,08/17/2011 13:02,13.13,13108.0,United Kingdom
536602,21755,High Resolution Image,15,04/02/2011 10:10,18.24,15949.0,United Kingdom
536735,22961,JAM MAKING SET WITH JARS,18,09/16/2011 08:45,11.28,15380.0,United Kingdom
536738,23203,JUMBO BAG DOILEY PATTERNS,19,01/14/2011 15:08,10.54,15554.0,Germany
536570,22623,BOX OF VINTAGE JIGSAW BLOCKS,10,11/16/2011 10:17,12.63,17104.0,United Kingdom
537212,84029G,KNITTED UNION FLAG HOT WATER BOTTLE,17,03/12/2011 17:59,9.56,18043.0,United Kingdom
537166,22139,RETROSPOT TEA SET CERAMIC 11 PC,15,06/11/2011 14:54,17.71,14667.0,United Kingdom
537215,21212,PACK OF 72 RETROSPOT CAKE CASES,9,05/07/2011 18:43,11.82,18043.0,United Kingdom
536990,21730,GLASS STAR FROSTED T-LIGHT HOLDER,1,08/18/2011 07:27,17.14,12753.0,EIRE
536821,84029E,RED WOOLLY HOTTIE WHITE HEART,10,08/24/2011 19:37,12.77,13274.0,United Kingdom
537050,23204,GYMKHANA TREASURE BOOK BOX,14,02/14/2011 18:55,8.2,12777.0,United Kingdom
536679,48187,DOORMAT NEW ENGLAND,6,04/26/2011 16:19,15.82,12793.0,United Kingdom
537139,21212,PACK OF 72 RETROSPOT CAKE CASES,16,02/08/2011 06:56,4.6,15306.0,United Kingdom
537133,23204,GYMKHANA TREASURE BOOK BOX,1,06/05/2011 17:45,0.78,14043.0,United Kingdom
536436,22310,IVORY KNITTED MUG COSY,15,09/14/2011 16:06,11.31,15907.0,United Kingdom
536539,84969,BOX OF 6 ASSORTED COLOUR TEASPOONS,10,08/22/2011 14:32,1.22,13899.0,United Kingdom
537096,84406B,CREAM CUPID HEARTS COAT HANGER,1,12/05/2011 09:26,21.8,15398.0,Germany
536578,85099C,JUMBO BAG BAROQUE BLACK WHITE,13,12/08/2011 07:22,9.02,13298.0,United Kingdom
537083,22632,HAND WARMER RED POLKA DOT,9,10/09/2011 11:41,19.64,15210.0,United Kingdom
536959,20726,LUNCH BAG WOODLAND,11,09/30/2011 12:00,3.96,16739.0,United Kingdom
536520,21212,PACK OF 72 RETROSPOT CAKE CASES,11,08/10/2011 19:41,14.27,15977.0,Germany
536490,85099B,JUMBO BAG RED RETROSPOT,17,03/22/2011 11:42,9.64,15411.0,United Kingdom
536928,22961,JAM MAKING SET WITH JARS,13,05/02/2011 13:24,21.37,13292.0,United Kingdom
536956,85099C,JUMBO BAG BAROQUE BLACK WHITE,3,06/17/2011 18:17,19.89,16739.0,United Kingdom
536437,84029G,KNITTED UNION FLAG HOT WATER BOTTLE,11,10/23/2011 16:22,6.38,15907.0,United Kingdom
536968,48187,DOORMAT NEW ENGLAND,4,02/15/2011 14:28,1.38,12481.0,United Kingdom
537097,23203,JUMBO BAG DOILEY PATTERNS,16,01/30/2011 15:41,16.52,14779.0,United Kingdom
537103,22623,BOX OF VINTAGE JIGSAW BLOCKS,5,07/11/2011 10:54,22.64,12165.0,United Kingdom
536902,20725,LUNCH BAG RED RETROSPOT,2,05/30/2011 11:56,7.8,12485.0,United Kingdom
537127,48187,DOORMAT NEW ENGLAND,4,09/13/2011 11:34,8.93,16137.0,United Kingdom
536954,21730,GLASS STAR FROSTED T-LIGHT HOLDER,13,03/24/2011 19:44,7.61,16739.0,United Kingdom
537102,84029G,KNITTED UNION FLAG HOT WATER BOTTLE,4,06/30/2011 18:22,13.96,12165.0,United Kingdom
536423,22139,RETROSPOT TEA SET CERAMIC 11 PC,15,07/10/2011 13:55,23.26,12378.0,United Kingdom
537181,22960,JAM MAKING SET PRINTED,15,09/19/2011 17:38,4.14,13487.0,United Kingdom
536910,22622,BOX OF VINTAGE ALPHABET BLOCKS,6,06/04/2011 08:14,8.74,18415.0,United Kingdom
536816,23203,JUMBO BAG DOILEY PATTERNS,9,02/10/2011 14:03,0.0,13274.0,United Kingdom
536643,22138,BAKING SET 9 PIECE RETROSPOT,20,05/12/2011 08:14,17.98,17255.0,United Kingdom
537181,85123A,WHITE HANGING HEART T-LIGHT HOLDER,11,09/19/2011 17:38,8.76,13487.0,United Kingdom
536757,22632,HAND WARMER RED POLKA DOT,13,04/21/2011 19:13,16.49,17038.0,United Kingdom
536989,84029G,KNITTED UNION FLAG HOT WATER BOTTLE,6,07/10/2011 11:45,1.42,12753.0,EIRE
536958,22139,RETROSPOT TEA SET CERAMIC 11 PC,19,09/12/2011 07:36,18.46,16739.0,United Kingdom
536423,22749,FELTCRAFT PRINCESS CHARLOTTE DOLL,8,07/10/2011 13:55,14.42,12378.0,United Kingdom
536409,22960,JAM MAKING SET PRINTED,15,02/04/2011 14:21,7.05,13014.0,United Kingdom
537068,22139,RETROSPOT TEA SET CERAMIC 11 PC,4,02/21/2011 07:12,24.05,,United Kingdom
536812,23203,,4,06/27/2011 15:06,6.12,12575.0,Netherlands
536678,84406B,CREAM CUPID HEARTS COAT HANGER,7,04/20/2011 19:00,11.7,12793.0,United Kingdom
536924,85099B,Next Day Carriage,3,06/22/2011 14:04,9.94,17020.0,United Kingdom
536822,22310,IVORY KNITTED MUG COSY,15,09/04/2011 13:42,6.98,13274.0,United Kingdom
536956,22961,JAM MAKING SET WITH JARS,8,06/17/2011 18:17,23.23,16739.0,United Kingdom
536529,84879,ASSORTED COLOUR BIRD ORNAMENT,14,09/02/2011 14:11,19.74,12907.0,United Kingdom
536913,85099C,JUMBO BAG BAROQUE BLACK WHITE,16,08/08/2011 18:32,6.99,18415.0,United Kingdom
536832,22623,BOX OF VINTAGE JIGSAW BLOCKS,10,04/26/2011 12:00,5.57,14115.0,United Kingdom
536551,22623,BOX OF VINTAGE JIGSAW BLOCKS,16,05/03/2011 09:33,9.87,14381.0,United Kingdom
536805,84879,ASSORTED COLOUR BIRD ORNAMENT,8,11/13/2011 14:48,7.95,17992.0,EIRE
537026,84406B,CREAM CUPID HEARTS COAT HANGER,20,02/27/2011 09:20,19.37,16144.0,United Kingdom
536735,84029E,RED WOOLLY HOTTIE WHITE HEART,10,09/16/2011 08:45,15.43,15380.0,United Kingdom
536956,22633,HAND WARMER UNION JACK,5,06/17/2011 18:17,23.01,16739.0,United Kingdom
536794,23299,FOOD COVER WITH BEADS SET 2,8,01/12/2011 07:20,19.55,17992.0,EIRE
537010,22745,POPPY'S PLAYHOUSE BEDROOM,1,04/14/2011 11:03,4.02,14021.0,Netherlands
536426,21212,PACK OF 72 RETROSPOT CAKE CASES,4,11/21/2011 19:34,19.03,12378.0,United Kingdom
536428,84879,ASSORTED COLOUR BIRD ORNAMENT,8,03/04/2011 15:43,11.71,17630.0,United Kingdom
537243,21212,PACK OF 72 RETROSPOT CAKE CASES,19,07/01/2011 11:56,4.54,17664.0,United Kingdom
537083,22961,JAM MAKING SET WITH JARS,15,10/09/2011 11:41,17.93,15210.0,United Kingdom
536858,71053,WHITE METAL LANTERN,6,11/30/2011 19:55,7.47,17387.0,United Kingdom
536745,23203,JUMBO BAG DOILEY PATTERNS,13,10/30/2011 12:44,11.07,15554.0,Germany
537131,22138,BAKING SET 9 PIECE RETROSPOT,11,02/10/2011 18:10,10.54,14043.0,United Kingdom
537129,48187,DOORMAT NEW ENGLAND,9,11/29/2011 06:35,16.94,16137.0,United Kingdom
536782,22310,IVORY KNITTED MUG COSY,5,05/31/2011 14:45,24.44,17816.0,United Kingdom
537050,21754,HOME BUILDING BLOCK WORD,14,02/14/2011 18:55,3.34,12777.0,United Kingdom
537036,23203,JUMBO BAG DOILEY PATTERNS,7,08/12/2011 15:20,15.51,17767.0,United Kingdom
536935,85099C,JUMBO BAG BAROQUE BLACK WHITE,4,11/12/2011 09:29,17.86,13292.0,United Kingdom
536422,21755,LOVE BUILDING BLOCK WORD,10,06/07/2011 08:24,20.92,12378.0,United Kingdom
536646,71053,WHITE METAL LANTERN,10,11/05/2011 15:36,23.61,17255.0,United Kingdom
537196,22310,IVORY KNITTED MUG COSY,8,03/22/2011 16:10,4.09,13883.0,United Kingdom
537063,23298,SPOTTY BUNTING,20,09/26/2011 10:31,12.09,16636.0,United Kingdom
536652,85099B,JUMBO BAG RED RETROSPOT,9,02/25/2011 15:23,24.62,12635.0,United Kingdom
536555,85123A,WHITE HANGING HEART T-LIGHT HOLDER,5,01/23/2011 08:07,17.59,14964.0,France
537084,23298,SPOTTY BUNTING,17,10/10/2011 07:58,6.77,15210.0,United Kingdom
537074,23298,SPOTTY BUNTING,12,02/02/2011 07:08,11.89,17011.0,United Kingdom
536693,22623,BOX OF VINTAGE JIGSAW BLOCKS,19,04/23/2011 11:38,13.78,15219.0,United Kingdom
536747,21754,,14,05/14/2011 09:11,23.1,13202.0,United Kingdom
C536908,20726,LUNCH BAG WOODLAND,-20,04/01/2011 17:14,5.64,18415.0,United Kingdom
536369,22623,BOX OF VINTAGE JIGSAW BLOCKS,6,09/11/2011 10:29,11.74,14435.0,United Kingdom
536985,23298,SPOTTY BUNTING,6,03/12/2011 13:18,6.53,12753.0,EIRE
537278,85123A,WHITE HANGING HEART T-LIGHT HOLDER,13,06/01/2011 11:02,0.5,15506.0,United Kingdom
536836,22752,SET 7 BABUSHKA NESTING BOXES,12,09/15/2011 15:40,4.58,14115.0,United Kingdom
536692,20725,LUNCH BAG RED RETROSPOT,12,04/10/2011 14:38,22.51,15219.0,United Kingdom
536546,20726,LUNCH BAG WOODLAND,1,03/15/2011 18:21,3.46,14381.0,United Kingdom
536808,21730,GLASS STAR FROSTED T-LIGHT HOLDER,19,01/26/2011 15:04,19.1,12575.0,Netherlands
536854,21730,GLASS STAR FROSTED T-LIGHT HOLDER,14,08/12/2011 10:55,13.5,17387.0,United Kingdom
536761,23203,JUMBO BAG DOILEY PATTERNS,3,07/03/2011 16:00,13.64,17038.0,United Kingdom
536477,23298,SPOTTY BUNTING,8,09/26/2011 10:54,3.39,13192.0,EIRE
536536,85099C,JUMBO BAG BAROQUE BLACK WHITE,17,06/29/2011 16:55,24.07,13899.0,United Kingdom
536506,21777,RECIPE BOX WITH METAL HEART,15,09/28/2011 07:43,16.91,14808.0,United Kingdom
537118,23299,FOOD COVER WITH BEADS SET 2,17,07/16/2011 12:20,14.61,12204.0,United Kingdom
536602,22632,HAND WARMER RED POLKA DOT,11,04/02/2011 10:10,24.81,15949.0,United Kingdom
C536607,84879,ASSORTED COLOUR BIRD ORNAMENT,-3,10/05/2011 07:58,19.5,15949.0,United Kingdom
536962,21755,LOVE BUILDING BLOCK WORD,10,04/28/2011 07:33,17.47,17013.0,United Kingdom
536530,23204,GYMKHANA TREASURE BOOK BOX,18,09/12/2011 13:37,1.32,12907.0,United Kingdom
537012,84406B,CREAM CUPID HEARTS COAT HANGER,20,11/10/2011 17:00,18.81,14021.0,Netherlands
536490,22623,BOX OF VINTAGE JIGSAW BLOCKS,9,03/22/2011 11:42,14.08,15411.0,United Kingdom
537004,22633,HAND WARMER UNION JACK,16,01/04/2011 12:43,4.57,12413.0,United Kingdom
536670,22752,SET 7 BABUSHKA NESTING BOXES,4,08/25/2011 14:03,6.84,14861.0,United Kingdom
536603,71053,WHITE METAL LANTERN,19,04/28/2011 06:14,12.77,15949.0,United Kingdom
536582,22139,RETROSPOT TEA SET CERAMIC 11 PC,6,02/27/2011 10:05,9.5,15343.0,United Kingdom
537002,85123A,WHITE HANGING HEART T-LIGHT HOLDER,1,06/21/2011 08:40,23.86,14151.0,United Kingdom
536626,22960,JAM MAKING SET PRINTED,3,01/17/2011 13:50,19.61,18168.0,France
536545,22752,SET 7 BABUSHKA NESTING BOXES,15,03/15/2011 06:55,15.96,14381.0,United Kingdom
536567,84969,BOX OF 6 ASSORTED COLOUR TEASPOONS,5,09/24/2011 17:35,5.27,17104.0,United Kingdom
537230,21755,LOVE BUILDING BLOCK WORD,20,01/20/2011 17:53,3.0,16117.0,United Kingdom
536470,85099C,JUMBO BAG BAROQUE BLACK WHITE,16,03/04/2011 11:17,9.41,13182.0,United Kingdom
537145,23299,FOOD COVER WITH BEADS SET 2,19,09/01/2011 08:51,0.0,15306.0,United Kingdom
536626,22748,POPPY'S PLAYHOUSE KITCHEN,17,01/17/2011 13:50,2.09,18168.0,France
536413,84029G,KNITTED UNION FLAG HOT WATER BOTTLE,20,06/19/2011 09:49,23.92,13014.0,United Kingdom
536918,23203,JUMBO BAG DOILEY PATTERNS,13,04/07/2011 19:17,20.54,17020.0,United Kingdom
536547,21754,HOME BUILDING BLOCK WORD,3,04/05/2011 10:10,16.44,14381.0,United Kingdom
536964,23298,SPOTTY BUNTING,11,08/22/2011 06:23,14.95,17013.0,United Kingdom
536664,22138,BAKING SET 9 PIECE RETROSPOT,12,09/30/2011 15:21,21.33,16448.0,United Kingdom
537246,84406B,CREAM CUPID HEARTS COAT HANGER,12,08/07/2011 14:55,16.26,17664.0,United Kingdom
536990,22138,BAKING SET 9 PIECE RETROSPOT,11,08/18/2011 07:27,7.87,12753.0,EIRE
536542,22960,JAM MAKING SET PRINTED,20,12/04/2011 11:55,15.91,13899.0,United Kingdom
536413,23299,FOOD COVER WITH BEADS SET 2,13,06/19/2011 09:49,11.45,13014.0,United Kingdom
536794,84029G,KNITTED UNION FLAG HOT WATER BOTTLE,20,01/12/2011 07:20,16.12,17992.0,EIRE
536871,22622,BOX OF VINTAGE ALPHABET BLOCKS,17,07/30/2011 19:23,9.1,13826.0,United Kingdom
537201,23298,SPOTTY BUNTING,10,10/04/2011 15:48,23.71,13883.0,United Kingdom
C536911,21777,RECIPE BOX WITH METAL HEART,-15,07/17/2011 08:24,6.3,18415.0,United Kingdom
536440,23203,JUMBO BAG DOILEY PATTERNS,14,02/10/2011 06:46,17.22,,EIRE
C536700,84406B,CREAM CUPID HEARTS COAT HANGER,-8,05/31/2011 08:22,5.31,12224.0,United Kingdom
536670,84879,ASSORTED COLOUR BIRD ORNAMENT,3,08/25/2011 14:03,16.45,14861.0,United Kingdom
537116,21730,GLASS STAR FROSTED T-LIGHT HOLDER,2,06/05/2011 09:45,2.23,12204.0,United Kingdom
537181,85099C,JUMBO BAG BAROQUE BLACK WHITE,7,09/19/2011 17:38,13.45,13487.0,United Kingdom
C536657,85123A,WHITE HANGING HEART T-LIGHT HOLDER,-9,08/25/2011 07:58,4.7,12635.0,United Kingdom
536961,85099B,JUMBO BAG RED RETROSPOT,7,11/19/2011 07:17,12.54,16739.0,United Kingdom
537046,21777,RECIPE BOX WITH METAL HEART,6,10/15/2011 12:59,19.86,15069.0,United Kingdom
537067,85123A,WHITE HANGING HEART T-LIGHT HOLDER,12,11/29/2011 10:42,7.79,16945.0,United Kingdom
536909,22138,BAKING SET 9 PIECE RETROSPOT,2,05/27/2011 08:52,24.3,18415.0,United Kingdom
536377,84969,BOX OF 6 ASSORTED COLOUR TEASPOONS,3,09/22/2011 13:57,8.7,18180.0,United Kingdom
536449,84406B,CREAM CUPID HEARTS COAT HANGER,14,10/18/2011 09:32,0.88,12134.0,United Kingdom
536367,22961,JAM MAKING SET WITH JARS,4,03/21/2011 11:17,2.69,14435.0,United Kingdom
536580,84029G,KNITTED UNION FLAG HOT WATER BOTTLE,4,01/29/2011 12:10,8.53,15343.0,United Kingdom
536693,84406B,CREAM CUPID HEARTS COAT HANGER,10,04/23/2011 11:38,15.0,15219.0,United Kingdom
536514,20726,LUNCH BAG WOODLAND,4,10/10/2011 10:16,20.07,13893.0,United Kingdom
536526,22138,BAKING SET 9 PIECE RETROSPOT,9,02/25/2011 10:26,0.0,12907.0,United Kingdom
537088,22632,HAND WARMER RED POLKA DOT,3,03/13/2011 19:04,11.16,15398.0,Germany
537266,85099B,JUMBO BAG RED RETROSPOT,19,01/17/2011 14:53,2.84,17802.0,United Kingdom
537133,23203,JUMBO BAG DOILEY PATTERNS,7,06/05/2011 17:45,20.77,14043.0,United Kingdom
537202,22633,HAND WARMER UNION JACK,6,10/20/2011 16:28,12.36,13883.0,United Kingdom
537101,84969,BOX OF 6 ASSORTED COLOUR TEASPOONS,7,04/17/2011 12:19,9.71,12165.0,United Kingdom
536452,48187,DOORMAT NEW ENGLAND,11,04/19/2011 13:48,4.12,18304.0,Germany
536984,23203,JUMBO BAG DOILEY PATTERNS,17,02/27/2011 08:20,18.19,12753.0,EIRE
536870,22632,HAND WARMER RED POLKA DOT,17,05/01/2011 17:56,24.7,13826.0,United Kingdom
537025,85099B,JUMBO BAG RED RETROSPOT,4,02/05/2011 07:20,7.23,16144.0,United Kingdom
536440,71053,WHITE METAL LANTERN,2,02/10/2011 06:46,24.87,16602.0,EIRE
C536517,71053,WHITE METAL LANTERN,-17,03/02/2011 13:23,20.33,15977.0,Germany
536841,48187,doormat new england,17,06/08/2011 08:16,11.02,14526.0,United Kingdom
536848,84879,ASSORTED COLOUR BIRD ORNAMENT,4,03/06/2011 15:24,7.73,13764.0,France
537206,23203,JUMBO BAG DOILEY PATTERNS,14,04/24/2011 12:36,0.56,13048.0,United Kingdom
537210,20725,LUNCH BAG RED RETROSPOT,10,09/21/2011 14:23,3.14,13048.0,United Kingdom
536530,23203,JUMBO BAG DOILEY PATTERNS,18,09/12/2011 13:37,12.82,12907.0,United Kingdom
536840,22138,BAKING SET 9 PIECE RETROSPOT,5,05/09/2011 15:42,24.12,14526.0,United Kingdom
536609,22745,POPPY'S PLAYHOUSE BEDROOM,4,02/05/2011 18:26,3.66,13108.0,United Kingdom
537160,21754,HOME BUILDING BLOCK WORD,3,10/15/2011 12:22,12.98,13620.0,United Kingdom
536863,21730,GLASS STAR FROSTED T-LIGHT HOLDER,6,04/29/2011 19:48,15.84,14319.0,United Kingdom
536523,22960,JAM MAKING SET PRINTED,18,11/28/2011 13:14,23.46,15977.0,Germany
536933,84029E,RED WOOLLY HOTTIE WHITE HEART,8,10/10/2011 09:12,23.89,13292.0,United Kingdom
536965,22748,POPPY'S PLAYHOUSE KITCHEN,13,12/06/2011 13:19,19.41,17013.0,United Kingdom
536383,48187,DOORMAT NEW ENGLAND,8,05/16/2011 10:13,6.92,16758.0,United Kingdom
536708,22633,HAND WARMER UNION JACK,6,11/16/2011 16:59,8.19,12224.0,United Kingdom
536533,22745,POPPY'S PLAYHOUSE BEDROOM,8,05/19/2011 07:01,13.05,13899.0,United Kingdom
536713,23299,FOOD COVER WITH BEADS SET 2,2,06/19/2011 15:34,13.17,13682.0,United Kingdom
536588,84406B,CREAM CUPID HEARTS COAT HANGER,6,10/14/2011 10:24,7.16,15851.0,United Kingdom
537008,22960,JAM MAKING SET PRINTED,12,05/15/2011 15:49,21.2,12413.0,United Kingdom
536653,23298,SPOTTY BUNTING,13,03/31/2011 12:47,19.66,12635.0,United Kingdom
537182,22623,BOX OF VINTAGE JIGSAW BLOCKS,13,01/14/2011 15:27,22.97,12500.0,United Kingdom
536398,20725,LUNCH BAG RED RETROSPOT,6,02/14/2011 12:53,18.62,13014.0,Germany
536972,22961,JAM MAKING SET WITH JARS,9,06/16/2011 19:32,4.0,12481.0,United Kingdom
536549,20725,LUNCH BAG RED RETROSPOT,7,04/12/2011 16:10,2.54,14381.0,United Kingdom
536548,85123A,WHITE HANGING HEART T-LIGHT HOLDER,11,04/09/2011 13:00,20.42,14381.0,United Kingdom
536507,84029E,RED WOOLLY HOTTIE WHITE HEART,4,02/11/2011 09:13,14.96,13893.0,United Kingdom
536979,22623,BOX OF VINTAGE JIGSAW BLOCKS,18,01/29/2011 11:03,21.25,14330.0,United Kingdom
536825,84406B,CREAM CUPID HEARTS COAT HANGER,7,09/14/2011 16:57,4.32,12294.0,United Kingdom
537169,85099B,JUMBO BAG RED RETROSPOT,2,11/10/2011 16:52,6.81,14667.0,United Kingdom
536798,21754,HOME BUILDING BLOCK WORD,14,04/29/2011 18:24,4.7,17992.0,EIRE
536602,23299,food cover with beads set 2,11,04/02/2011 10:10,11.04,15949.0,United Kingdom
536890,22633,HAND WARMER UNION JACK,5,07/11/2011 11:53,18.17,12916.0,United Kingdom
536853,22748,POPPY'S PLAYHOUSE KITCHEN,7,08/12/2011 11:37,4.95,17387.0,United Kingdom
537161,48187,DOORMAT NEW ENGLAND,4,11/19/2011 11:36,15.83,13620.0,United Kingdom
C536656,23203,JUMBO BAG DOILEY PATTERNS,-12,08/13/2011 07:17,16.81,12635.0,United Kingdom
537232,22632,HAND WARMER RED POLKA DOT,11,02/27/2011 18:57,10.75,16117.0,United Kingdom
536961,22139,RETROSPOT TEA SET CERAMIC 11 PC,2,11/19/2011 07:17,24.44,16739.0,United Kingdom
537197,22752,SET 7 BABUSHKA NESTING BOXES,2,04/01/2011 18:07,11.35,13883.0,United Kingdom
536925,23203,JUMBO BAG DOILEY PATTERNS,20,06/27/2011 16:30,20.19,17020.0,United Kingdom
C536527,22749,FELTCRAFT PRINCESS CHARLOTTE DOLL,-16,04/21/2011 11:53,8.11,12907.0,United Kingdom
537094,21754,HOME BUILDING BLOCK WORD,2,07/18/2011 13:08,2.97,15398.0,Germany
537160,22310,IVORY KNITTED MUG COSY,9,10/15/2011 12:22,5.76,13620.0,United Kingdom
536392,84406B,CREAM CUPID HEARTS COAT HANGER,4,04/30/2011 15:16,15.02,15891.0,United Kingdom
537253,84879,ASSORTED COLOUR BIRD ORNAMENT,9,06/22/2011 15:36,1.07,17224.0,Spain
536577,22623,BOX OF VINTAGE JIGSAW BLOCKS,12,11/11/2011 17:04,24.47,13298.0,United Kingdom
537084,85099B,JUMBO BAG RED RETROSPOT,13,10/10/2011 07:58,23.98,15210.0,United Kingdom
536709,21730,GLASS STAR FROSTED T-LIGHT HOLDER,5,05/24/2011 17:59,4.94,17911.0,United Kingdom
536560,23299,FOOD COVER WITH BEADS SET 2,2,07/29/2011 11:17,23.78,14964.0,France
537091,22623,BOX OF VINTAGE JIGSAW BLOCKS,17,04/11/2011 10:04,23.23,15398.0,Germany
536892,23203,JUMBO BAG DOILEY PATTERNS,18,01/05/2011 13:48,2.41,17214.0,United Kingdom
536967,23299,FOOD COVER WITH BEADS SET 2,16,02/05/2011 19:44,1.99,12481.0,United Kingdom
537169,23299,FOOD COVER WITH BEADS SET 2,4,11/10/2011 16:52,11.8,14667.0,United Kingdom
536482,23204,GYMKHANA TREASURE BOOK BOX,16,07/01/2011 10:29,11.79,13978.0,France
536773,84029E,RED WOOLLY HOTTIE WHITE HEART,8,09/30/2011 08:10,18.08,18107.0,United Kingdom
536780,85123A,WHITE HANGING HEART T-LIGHT HOLDER,3,03/29/2011 15:01,9.84,17816.0,United Kingdom
537210,22632,HAND WARMER RED POLKA DOT,3,09/21/2011 14:23,8.36,13048.0,United Kingdom
537249,22622,BOX OF VINTAGE ALPHABET BLOCKS,6,11/21/2011 10:28,5.55,17664.0,United Kingdom
536598,22749,FELTCRAFT PRINCESS CHARLOTTE DOLL,17,02/06/2011 07:30,3.35,15949.0,United Kingdom
536638,85099B,JUMBO BAG RED RETROSPOT,5,09/12/2011 07:46,9.38,18277.0,United Kingdom
536932,84029G,KNITTED UNION FLAG HOT WATER BOTTLE,13,09/30/2011 15:00,19.2,13292.0,United Kingdom
536881,48187,DOORMAT NEW ENGLAND,13,04/19/2011 06:07,14.84,15528.0,EIRE
537081,20725,LUNCH BAG RED RETROSPOT,2,07/08/2011 18:06,22.65,15210.0,United Kingdom
536487,22632,HAND WARMER RED POLKA DOT,4,10/29/2011 15:07,10.06,13978.0,France
536731,21777,RECIPE BOX WITH METAL HEART,11,07/17/2011 19:33,3.93,15380.0,United Kingdom
536820,22622,BOX OF VINTAGE ALPHABET BLOCKS,2,08/21/2011 16:13,7.7,13274.0,United Kingdom
536779,21777,RECIPE BOX WITH METAL HEART,6,03/20/2011 06:30,17.64,17816.0,United Kingdom
536828,20725,LUNCH BAG RED RETROSPOT,14,02/14/2011 09:17,6.65,14115.0,United Kingdom
536638,22310,IVORY KNITTED MUG COSY,2,09/12/2011 07:46,13.92,18277.0,United Kingdom
536719,85099B,JUMBO BAG RED RETROSPOT,15,03/03/2011 09:13,10.46,16306.0,France
536878,DOT,SPOTTY BUNTING,15,01/05/2011 18:08,19.07,15528.0,EIRE
537117,23298,SPOTTY BUNTING,3,07/05/2011 17:11,4.15,12204.0,United Kingdom
537250,85099C,JUMBO BAG BAROQUE BLACK WHITE,6,02/03/2011 07:58,18.94,17224.0,Spain
536882,48187,DOORMAT NEW ENGLAND,13,04/28/2011 19:33,6.72,15528.0,EIRE
537237,23298,SPOTTY BUNTING,6,12/05/2011 14:05,10.15,16117.0,United Kingdom
537026,21754,HOME BUILDING BLOCK WORD,13,02/27/2011 09:20,2.42,16144.0,United Kingdom
537006,22632,HAND WARMER RED POLKA DOT,6,03/22/2011 19:04,19.21,12413.0,United Kingdom
536801,84029G,KNITTED UNION FLAG HOT WATER BOTTLE,5,08/18/2011 14:46,8.25,17992.0,EIRE
536459,22138,BAKING SET 9 PIECE RETROSPOT,10,04/19/2011 16:58,4.83,17411.0,United Kingdom
536393,22749,FELTCRAFT PRINCESS CHARLOTTE DOLL,9,06/24/2011 12:57,1.51,15891.0,United Kingdom
536604,71053,WHITE METAL LANTERN,2,05/04/2011 15:03,17.31,15949.0,United Kingdom
537164,22745,POPPY'S PLAYHOUSE BEDROOM,15,03/08/2011 09:36,0.44,14667.0,United Kingdom
536516,84969,BOX OF 6 ASSORTED COLOUR TEASPOONS,3,03/02/2011 08:58,17.73,15977.0,Germany
536707,21212,PACK OF 72 RETROSPOT CAKE CASES,10,11/15/2011 16:14,22.69,12224.0,United Kingdom
536898,20725,LUNCH BAG RED RETROSPOT,11,08/27/2011 12:34,0.55,17214.0,United Kingdom
537252,22632,Next Day Carriage,13,05/03/2011 14:11,2.96,17224.0,Spain
537119,48187,DOORMAT NEW ENGLAND,4,07/21/2011 10:20,8.92,12204.0,United Kingdom
537004,22633,HAND WARMER UNION JACK,8,01/04/2011 12:43,0.0,12413.0,United Kingdom
536453,20725,LUNCH BAG RED RETROSPOT,2,04/29/2011 10:29,1.81,18304.0,Germany
536509,22139,RETROSPOT TEA SET CERAMIC 11 PC,17,04/07/2011 14:14,8.22,13893.0,United Kingdom
537072,22749,FELTCRAFT PRINCESS CHARLOTTE DOLL,14,09/12/2011 08:05,14.75,15648.0,United Kingdom
536605,22632,HAND WARMER RED POLKA DOT,14,08/23/2011 14:17,20.75,15949.0,United Kingdom
536591,85099C,JUMBO BAG BAROQUE BLACK WHITE,20,03/30/2011 12:40,11.34,12302.0,United Kingdom
536721,22633,HAND WARMER UNION JACK,9,07/10/2011 10:39,8.48,16306.0,France
537144,21730,GLASS STAR FROSTED T-LIGHT HOLDER,7,08/29/2011 15:46,7.27,15306.0,United Kingdom
537137,84969,BOX OF 6 ASSORTED COLOUR TEASPOONS,2,10/28/2011 17:53,19.21,14043.0,United Kingdom
536405,22623,BOX OF VINTAGE JIGSAW BLOCKS,4,07/12/2011 17:53,17.49,13014.0,Germany
536411,22961,JAM MAKING SET WITH JARS,6,04/18/2011 17:08,24.06,13014.0,United Kingdom
536819,48187,DOORMAT NEW ENGLAND,19,08/16/2011 11:02,2.81,13274.0,United Kingdom
537233,84406B,CREAM CUPID HEARTS COAT HANGER,8,05/12/2011 06:09,4.38,16117.0,United Kingdom
536869,20725,LUNCH BAG RED RETROSPOT,12,04/20/2011 13:41,22.15,13826.0,United Kingdom
536652,85099B,JUMBO BAG RED RETROSPOT,6,02/25/2011 15:23,9.48,12635.0,United Kingdom
536627,23299,FOOD COVER WITH BEADS SET 2,16,07/25/2011 14:34,24.82,18168.0,France
536856,20725,LUNCH BAG RED RETROSPOT,19,09/03/2011 12:01,6.36,17387.0,United Kingdom
537146,21754,HOME BUILDING BLOCK WORD,20,10/22/2011 18:54,16.78,15306.0,United Kingdom
537055,84879,ASSORTED COLOUR BIRD ORNAMENT,19,05/10/2011 10:44,0.0,12777.0,United Kingdom
536788,23299,FOOD COVER WITH BEADS SET 2,18,05/25/2011 16:41,11.32,15886.0,United Kingdom
537068,23204,GYMKHANA TREASURE BOOK BOX,9,02/21/2011 07:12,7.99,15648.0,United Kingdom
536685,22623,BOX OF VINTAGE JIGSAW BLOCKS,11,12/09/2011 06:49,18.07,12793.0,United Kingdom
536655,84406B,CREAM CUPID HEARTS COAT HANGER,12,05/07/2011 06:49,6.28,12635.0,United Kingdom
537196,23299,FOOD COVER WITH BEADS SET 2,16,03/22/2011 16:10,4.71,13883.0,United Kingdom
536546,84029G,KNITTED UNION FLAG HOT WATER BOTTLE,2,03/15/2011 18:21,2.86,14381.0,United Kingdom
536951,85123A,WHITE HANGING HEART T-LIGHT HOLDER,19,07/23/2011 18:06,19.74,16595.0,United Kingdom
537069,22745,POPPY'S PLAYHOUSE BEDROOM,10,03/28/2011 18:50,12.34,15648.0,United Kingdom
536404,22139,RETROSPOT TEA SET CERAMIC 11 PC,13,07/03/2011 09:29,23.47,13014.0,Germany
537081,21777,RECIPE BOX WITH METAL HEART,2,07/08/2011 18:06,16.21,15210.0,United Kingdom
536926,22748,POPPY'S PLAYHOUSE KITCHEN,19,01/17/2011 09:11,2.76,13292.0,United Kingdom
536810,22752,SET 7 BABUSHKA NESTING BOXES,11,02/13/2011 18:23,12.51,12575.0,Netherlands
536555,21754,HOME BUILDING BLOCK WORD,4,01/23/2011 08:07,19.3,14964.0,France
536665,84029G,KNITTED UNION FLAG HOT WATER BOTTLE,13,01/07/2011 14:34,2.84,14861.0,United Kingdom
C536561,22139,RETROSPOT TEA SET CERAMIC 11 PC,-10,02/24/2011 11:40,2.96,17104.0,United Kingdom
537161,85123A,WHITE HANGING HEART T-LIGHT HOLDER,6,11/19/2011 11:36,10.74,13620.0,United Kingdom
536754,22960,JAM MAKING SET PRINTED,14,03/24/2011 14:40,15.36,17038.0,United Kingdom
537262,22752,SET 7 BABUSHKA NESTING BOXES,11,04/26/2011 11:41,11.48,13213.0,United Kingdom
536714,23299,FOOD COVER WITH BEADS SET 2,5,10/25/2011 18:52,11.77,13682.0,United Kingdom
537032,22745,POPPY'S PLAYHOUSE BEDROOM,18,11/05/2011 12:33,11.09,16144.0,United Kingdom
537029,85123A,WHITE HANGING HEART T-LIGHT HOLDER,15,06/10/2011 17:52,23.51,16144.0,United Kingdom
536404,21730,GLASS STAR FROSTED T-LIGHT HOLDER,19,07/03/2011 09:29,0.0,13014.0,Germany
536685,22623,BOX OF VINTAGE JIGSAW BLOCKS,11,12/09/2011 06:49,18.07,12793.0,United Kingdom
536969,85123A,WHITE HANGING HEART T-LIGHT HOLDER,8,04/15/2011 08:05,7.78,12481.0,United Kingdom
536788,48187,DOORMAT NEW ENGLAND,16,05/25/2011 16:41,14.95,15886.0,United Kingdom
536746,84879,ASSORTED COLOUR BIRD ORNAMENT,16,03/09/2011 08:08,16.53,13202.0,United Kingdom
537094,22960,JAM MAKING SET PRINTED,14,07/18/2011 13:08,12.11,15398.0,Germany
536407,22139,RETROSPOT TEA SET CERAMIC 11 PC,11,09/17/2011 10:39,1.12,13014.0,Germany
536448,21755,LOVE BUILDING BLOCK WORD,11,07/12/2011 15:03,3.36,12134.0,United Kingdom
536642,85099B,JUMBO BAG RED RETROSPOT,20,01/30/2011 14:25,0.58,17255.0,United Kingdom
536912,84029G,KNITTED UNION FLAG HOT WATER BOTTLE,9,07/25/2011 09:58,21.79,18415.0,United Kingdom
536653,85099B,JUMBO BAG RED RETROSPOT,20,03/31/2011 12:47,11.08,12635.0,United Kingdom
537199,22749,FELTCRAFT PRINCESS CHARLOTTE DOLL,3,07/29/2011 10:05,22.6,13883.0,United Kingdom
537043,23298,SPOTTY BUNTING,5,07/19/2011 15:38,5.72,15069.0,United Kingdom
537110,22752,SET 7 BABUSHKA NESTING BOXES,3,09/28/2011 06:06,23.89,12701.0,United Kingdom
536907,22961,JAM MAKING SET WITH JARS,20,03/11/2011 09:50,7.75,18415.0,United Kingdom
537158,20725,LUNCH BAG RED RETROSPOT,9,08/19/2011 12:14,2.68,13620.0,United Kingdom
C536421,84879,ASSORTED COLOUR BIRD ORNAMENT,-16,04/24/2011 07:14,23.25,12378.0,United Kingdom
536860,23298,SPOTTY BUNTING,2,03/19/2011 13:19,20.17,14319.0,United Kingdom
536996,22623,BOX OF VINTAGE JIGSAW BLOCKS,10,10/29/2011 09:02,1.38,17610.0,United Kingdom
536479,22632,HAND WARMER RED POLKA DOT,14,01/29/2011 15:11,12.73,13978.0,France
537177,22752,SET 7 BABUSHKA NESTING BOXES,11,10/04/2011 12:32,23.12,16911.0,United Kingdom
536430,21730,GLASS STAR FROSTED T-LIGHT HOLDER,8,03/28/2011 19:30,9.76,17630.0,United Kingdom
536497,23203,JUMBO BAG DOILEY PATTERNS,14,08/14/2011 13:17,13.03,15411.0,United Kingdom
536690,22960,JAM MAKING SET PRINTED,15,02/25/2011 18:40,17.62,15219.0,United Kingdom
536738,23298,SPOTTY BUNTING,4,01/14/2011 15:08,10.35,15554.0,Germany
536719,22623,BOX OF VINTAGE JIGSAW BLOCKS,18,03/03/2011 09:13,7.23,16306.0,France
536647,22139,RETROSPOT TEA SET CERAMIC 11 PC,5,03/02/2011 09:24,3.08,13980.0,United Kingdom
536582,22139,RETROSPOT TEA SET CERAMIC 11 PC,12,02/27/2011 10:05,4.99,15343.0,United Kingdom
536584,23299,FOOD COVER WITH BEADS SET 2,19,04/30/2011 12:34,17.01,15343.0,United Kingdom
537050,48187,DOORMAT NEW ENGLAND,7,02/14/2011 18:55,5.25,12777.0,United Kingdom
536697,84969,BOX OF 6 ASSORTED COLOUR TEASPOONS,5,02/14/2011 12:03,1.66,12224.0,United Kingdom
536483,22633,HAND WARMER UNION JACK,9,08/10/2011 14:35,11.43,13978.0,France
537029,20726,LUNCH BAG WOODLAND,5,06/10/2011 17:52,12.65,16144.0,United Kingdom
537275,84406B,CREAM CUPID HEARTS COAT HANGER,19,01/27/2011 15:49,0.77,15506.0,United Kingdom
536899,22745,POPPY'S PLAYHOUSE BEDROOM,11,11/06/2011 09:12,8.03,17214.0,United Kingdom
537269,22749,FELTCRAFT PRINCESS CHARLOTTE DOLL,12,07/05/2011 10:24,24.02,17802.0,United Kingdom
536778,22632,HAND WARMER RED POLKA DOT,12,03/18/2011 14:25,7.66,17816.0,United Kingdom
536913,22138,BAKING SET 9 PIECE RETROSPOT,16,08/08/2011 18:32,13.12,18415.0,United Kingdom
537129,84029G,KNITTED UNION FLAG HOT WATER BOTTLE,9,11/29/2011 06:35,12.31,,United Kingdom
536797,22752,SET 7 BABUSHKA NESTING BOXES,5,02/13/2011 18:28,5.51,17992.0,EIRE
536611,21730,GLASS STAR FROSTED T-LIGHT HOLDER,14,08/17/2011 13:02,16.62,13108.0,United Kingdom
536552,84029E,RED WOOLLY HOTTIE WHITE HEART,1,07/06/2011 15:04,14.8,14381.0,United Kingdom
536802,22745,POPPY'S PLAYHOUSE BEDROOM,18,08/22/2011 16:58,8.32,17992.0,EIRE
536410,22138,BAKING SET 9 PIECE RETROSPOT,6,03/20/2011 10:14,7.82,13014.0,United Kingdom
536637,22752,SET 7 BABUSHKA NESTING BOXES,9,09/04/2011 13:35,21.44,18277.0,United Kingdom
537107,22960,JAM MAKING SET PRINTED,18,04/02/2011 19:28,18.0,12701.0,United Kingdom
537231,20726,LUNCH BAG WOODLAND,19,02/04/2011 17:42,13.15,16117.0,United Kingdom
536999,21754,HOME BUILDING BLOCK WORD,7,10/10/2011 07:46,14.66,16051.0,United Kingdom
536399,BANK CHARGES,SET 7 BABUSHKA NESTING BOXES,5,02/18/2011 11:20,4.11,13014.0,Germany
537240,22749,FELTCRAFT PRINCESS CHARLOTTE DOLL,8,03/23/2011 12:50,20.84,17664.0,United Kingdom
536769,22752,SET 7 BABUSHKA NESTING BOXES,19,05/16/2011 08:59,22.13,18107.0,United Kingdom
536921,23204,GYMKHANA TREASURE BOOK BOX,14,05/31/2011 17:00,17.21,17020.0,United Kingdom
536617,22633,HAND WARMER UNION JACK,15,02/06/2011 12:06,11.62,12423.0,United Kingdom
536820,23203,JUMBO BAG DOILEY PATTERNS,8,08/21/2011 16:13,15.71,13274.0,United Kingdom
537149,23299,FOOD COVER WITH BEADS SET 2,7,05/12/2011 09:39,0.56,17899.0,United Kingdom
536731,20726,LUNCH BAG WOODLAND,13,07/17/2011 19:33,17.89,15380.0,United Kingdom
536834,20725,LUNCH BAG RED RETROSPOT,5,05/27/2011 16:11,0.5,14115.0,United Kingdom
536589,85099C,JUMBO BAG BAROQUE BLACK WHITE,4,11/09/2011 09:03,24.23,15851.0,United Kingdom
537115,22139,RETROSPOT TEA SET CERAMIC 11 PC,14,05/26/2011 17:06,9.09,,United Kingdom
537003,84406B,CREAM CUPID HEARTS COAT HANGER,4,10/08/2011 13:52,13.75,14151.0,United Kingdom
536776,84969,BOX OF 6 ASSORTED COLOUR TEASPOONS,3,11/28/2011 10:38,10.5,18107.0,United Kingdom
536863,22633,HAND WARMER UNION JACK,4,04/29/2011 19:48,19.55,14319.0,United Kingdom
536551,21755,LOVE BUILDING BLOCK WORD,2,05/03/2011 09:33,19.61,14381.0,United Kingdom
537186,71053,WHITE METAL LANTERN,20,05/01/2011 09:08,22.05,12500.0,United Kingdom
536664,22310,IVORY KNITTED MUG COSY,14,09/30/2011 15:21,17.57,16448.0,United Kingdom
536389,21730,GLASS STAR FROSTED T-LIGHT HOLDER,13,03/16/2011 19:26,21.77,15891.0,United Kingdom
536920,71053,WHITE METAL LANTERN,12,05/09/2011 12:49,3.82,17020.0,United Kingdom
537111,23204,GYMKHANA TREASURE BOOK BOX,18,11/04/2011 14:36,18.36,12701.0,United Kingdom
536706,22139,RETROSPOT TEA SET CERAMIC 11 PC,17,11/13/2011 10:15,23.94,12224.0,United Kingdom
536457,21730,GLASS STAR FROSTED T-LIGHT HOLDER,18,10/17/2011 18:21,17.03,18304.0,Germany
536432,21754,HOME BUILDING BLOCK WORD,6,08/23/2011 11:47,6.71,17630.0,United Kingdom
536542,22633,HAND WARMER UNION JACK,8,12/04/2011 11:55,5.56,13899.0,United Kingdom
536555,22622,BOX OF VINTAGE ALPHABET BLOCKS,6,01/23/2011 08:07,9.52,14964.0,France
537000,23203,JUMBO BAG DOILEY PATTERNS,4,03/05/2011 08:41,18.15,14151.0,United Kingdom
536573,71053,WHITE METAL LANTERN,12,01/23/2011 11:59,23.62,13298.0,United Kingdom
536486,20725,LUNCH BAG RED RETROSPOT,18,10/10/2011 11:35,7.27,13978.0,France
536805,22961,JAM MAKING SET WITH JARS,6,11/13/2011 14:48,17.8,17992.0,EIRE
536914,21777,RECIPE BOX WITH METAL HEART,14,09/07/2011 12:13,22.18,18415.0,United Kingdom
537208,22749,FELTCRAFT PRINCESS CHARLOTTE DOLL,7,08/20/2011 06:20,15.54,13048.0,United Kingdom
536847,20725,LUNCH BAG RED RETROSPOT,11,03/02/2011 16:17,23.61,13764.0,France
536519,22752,SET 7 BABUSHKA NESTING BOXES,12,06/19/2011 18:25,23.9,15977.0,Germany
537159,23299,FOOD COVER WITH BEADS SET 2,15,10/11/2011 11:49,20.73,13620.0,United Kingdom
536530,22752,SET 7 BABUSHKA NESTING BOXES,4,09/12/2011 13:37,19.24,12907.0,United Kingdom
536924,85123A,WHITE HANGING HEART T-LIGHT HOLDER,6,06/22/2011 14:04,8.42,17020.0,United Kingdom
536640,22138,BAKING SET 9 PIECE RETROSPOT,13,10/12/2011 09:04,11.92,18277.0,United Kingdom
537111,21754,HOME BUILDING BLOCK WORD,7,11/04/2011 14:36,20.89,12701.0,United Kingdom
536763,22139,retrospot tea set ceramic 11 pc,4,08/24/2011 16:12,15.86,17038.0,United Kingdom
536936,20725,LUNCH BAG RED RETROSPOT,13,02/05/2011 08:21,12.93,12036.0,United Kingdom
536752,22961,JAM MAKING SET WITH JARS,3,04/11/2011 09:31,24.1,18302.0,United Kingdom
536723,85099C,JUMBO BAG BAROQUE BLACK WHITE,17,09/08/2011 10:27,18.27,16306.0,France
536493,22623,BOX OF VINTAGE JIGSAW BLOCKS,8,06/16/2011 17:17,1.66,15411.0,United Kingdom
536785,22748,,10,10/23/2011 12:57,23.88,17816.0,United Kingdom
537238,23299,FOOD COVER WITH BEADS SET 2,14,02/07/2011 08:34,22.3,17664.0,United Kingdom
537266,84406B,CREAM CUPID HEARTS COAT HANGER,12,01/17/2011 14:53,1.86,17802.0,United Kingdom
536441,21212,PACK OF 72 RETROSPOT CAKE CASES,4,06/14/2011 15:40,19.83,16602.0,EIRE
536658,20726,LUNCH BAG WOODLAND,15,02/13/2011 15:30,22.37,16448.0,United Kingdom
536802,22960,JAM MAKING SET PRINTED,2,08/22/2011 16:58,7.52,17992.0,EIRE
536645,22745,POPPY'S PLAYHOUSE BEDROOM,5,07/22/2011 06:15,15.83,17255.0,United Kingdom
536774,84969,BOX OF 6 ASSORTED COLOUR TEASPOONS,3,10/06/2011 12:57,11.95,18107.0,United Kingdom
536622,84879,ASSORTED COLOUR BIRD ORNAMENT,2,08/07/2011 10:48,17.33,12423.0,United Kingdom
536774,85099C,JUMBO BAG BAROQUE BLACK WHITE,2,10/06/2011 12:57,22.22,18107.0,United Kingdom
536733,M,FELTCRAFT PRINCESS CHARLOTTE DOLL,10,08/04/2011 11:12,7.19,15380.0,United Kingdom
536756,20725,LUNCH BAG RED RETROSPOT,12,04/12/2011 17:11,0.0,17038.0,United Kingdom
537116,22960,JAM MAKING SET PRINTED,15,06/05/2011 09:45,22.71,12204.0,United Kingdom
536770,22748,POPPY'S PLAYHOUSE KITCHEN,20,06/22/2011 17:08,17.35,18107.0,United Kingdom
536613,85099C,JUMBO BAG BAROQUE BLACK WHITE,11,09/18/2011 07:48,6.32,13108.0,United Kingdom
537181,22745,POPPY'S PLAYHOUSE BEDROOM,13,09/19/2011 17:38,6.68,13487.0,United Kingdom
536903,22961,JAM MAKING SET WITH JARS,1,10/01/2011 07:39,11.54,12485.0,United Kingdom
536474,84879,ASSORTED COLOUR BIRD ORNAMENT,15,01/16/2011 11:23,23.65,13192.0,EIRE
536952,22139,RETROSPOT TEA SET CERAMIC 11 PC,20,08/09/2011 11:52,1.82,16595.0,United Kingdom
537081,22633,HAND WARMER UNION JACK,19,07/08/2011 18:06,9.95,15210.0,United Kingdom
536978,85099B,JUMBO BAG RED RETROSPOT,16,12/09/2011 17:08,13.03,12481.0,United Kingdom
536605,22633,HAND WARMER UNION JACK,10,08/23/2011 14:17,3.21,15949.0,United Kingdom
537199,22310,IVORY KNITTED MUG COSY,8,07/29/2011 10:05,6.39,13883.0,United Kingdom
536379,22623,BOX OF VINTAGE JIGSAW BLOCKS,3,10/10/2011 06:43,11.27,18180.0,United Kingdom
536901,22633,HAND WARMER UNION JACK,3,01/13/2011 16:28,24.28,12485.0,United Kingdom
536843,21212,PACK OF 72 RETROSPOT CAKE CASES,4,08/24/2011 06:30,24.78,14526.0,United Kingdom
537183,22745,POPPY'S PLAYHOUSE BEDROOM,13,03/15/2011 19:07,13.89,12500.0,United Kingdom
536404,22622,BOX OF VINTAGE ALPHABET BLOCKS,12,07/03/2011 09:29,4.53,13014.0,Germany
536667,20725,LUNCH BAG RED RETROSPOT,3,05/27/2011 18:47,9.75,14861.0,United Kingdom
536557,85123A,WHITE HANGING HEART T-LIGHT HOLDER,2,04/19/2011 19:36,21.44,14964.0,France
536497,22749,FELTCRAFT PRINCESS CHARLOTTE DOLL,6,08/14/2011 13:17,15.38,15411.0,United Kingdom
536678,22633,HAND WARMER UNION JACK,8,04/20/2011 19:00,9.84,12793.0,United Kingdom
536944,23298,SPOTTY BUNTING,12,10/01/2011 07:21,12.45,17300.0,United Kingdom
537267,23299,FOOD COVER WITH BEADS SET 2,13,02/23/2011 16:20,18.95,17802.0,United Kingdom
536386,23299,FOOD COVER WITH BEADS SET 2,1,11/14/2011 15:51,16.77,16758.0,United Kingdom
537014,22310,IVORY KNITTED MUG COSY,20,01/30/2011 16:25,0.69,14114.0,United Kingdom
537167,22961,JAM MAKING SET WITH JARS,17,08/12/2011 17:55,20.57,14667.0,United Kingdom
536613,21754,HOME BUILDING BLOCK WORD,2,09/18/2011 07:48,12.83,13108.0,United Kingdom
536375,22138,BAKING SET 9 PIECE RETROSPOT,10,07/15/2011 14:38,6.28,18180.0,United Kingdom
537058,DOT,RETROSPOT TEA SET CERAMIC 11 PC,15,09/29/2011 17:29,21.67,12777.0,United Kingdom
537260,23204,GYMKHANA TREASURE BOOK BOX,6,11/28/2011 15:20,18.35,17224.0,Spain
536368,22138,BAKING SET 9 PIECE RETROSPOT,19,04/07/2011 07:35,5.13,14435.0,United Kingdom
536384,22310,IVORY KNITTED MUG COSY,17,10/24/2011 07:34,6.91,16758.0,United Kingdom
536578,23204,GYMKHANA TREASURE BOOK BOX,6,12/08/2011 07:22,22.07,13298.0,United Kingdom
536389,22748,POPPY'S PLAYHOUSE KITCHEN,14,03/16/2011 19:26,1.03,15891.0,United Kingdom
536499,21755,LOVE BUILDING BLOCK WORD,12,11/05/2011 12:43,15.47,15411.0,United Kingdom
537186,22623,BOX OF VINTAGE JIGSAW BLOCKS,6,05/01/2011 09:08,14.36,12500.0,United Kingdom
536962,84029G,KNITTED UNION FLAG HOT WATER BOTTLE,10,04/28/2011 07:33,11.62,17013.0,United Kingdom
537206,22960,JAM MAKING SET PRINTED,5,04/24/2011 12:36,24.29,13048.0,United Kingdom
537025,22961,JAM MAKING SET WITH JARS,20,02/05/2011 07:20,12.32,16144.0,United Kingdom
536528,48187,DOORMAT NEW ENGLAND,13,08/07/2011 10:47,7.28,12907.0,United Kingdom
536721,22748,POPPY'S PLAYHOUSE KITCHEN,15,07/10/2011 10:39,18.76,16306.0,France
537129,23204,GYMKHANA TREASURE BOOK BOX,13,11/29/2011 06:35,20.23,16137.0,United Kingdom
536563,22632,HAND WARMER RED POLKA DOT,19,05/09/2011 17:53,3.09,,United Kingdom
537128,22623,BOX OF VINTAGE JIGSAW BLOCKS,1,10/04/2011 18:56,7.54,16137.0,United Kingdom
536699,21212,PACK OF 72 RETROSPOT CAKE CASES,12,05/13/2011 15:47,8.95,12224.0,United Kingdom
537260,22960,JAM MAKING SET PRINTED,19,11/28/2011 15:20,3.35,17224.0,Spain
537011,22632,HAND WARMER RED POLKA DOT,17,10/20/2011 13:47,17.52,14021.0,Netherlands
537148,22622,BOX OF VINTAGE ALPHABET BLOCKS,4,04/20/2011 19:13,14.08,17899.0,United Kingdom
536824,22623,BOX OF VINTAGE JIGSAW BLOCKS,13,05/23/2011 16:38,6.26,12294.0,United Kingdom
537244,84029G,KNITTED UNION FLAG HOT WATER BOTTLE,4,07/03/2011 12:26,21.6,17664.0,United Kingdom
537242,20726,LUNCH BAG WOODLAND,5,05/11/2011 14:06,2.14,17664.0,United Kingdom
537265,84879,ASSORTED COLOUR BIRD ORNAMENT,20,01/14/2011 10:06,22.94,17802.0,United Kingdom
536633,BANK CHARGES,JUMBO BAG DOILEY PATTERNS,18,01/28/2011 12:50,13.82,18277.0,United Kingdom
536560,84029E,RED WOOLLY HOTTIE WHITE HEART,19,07/29/2011 11:17,9.55,14964.0,France
537078,85123A,WHITE HANGING HEART T-LIGHT HOLDER,16,07/15/2011 17:31,15.69,17011.0,United Kingdom
536840,84406B,CREAM CUPID HEARTS COAT HANGER,1,05/09/2011 15:42,6.63,14526.0,United Kingdom
537162,23203,JUMBO BAG DOILEY PATTERNS,16,01/11/2011 17:27,20.84,14667.0,United Kingdom
536440,85099C,JUMBO BAG BAROQUE BLACK WHITE,15,02/10/2011 06:46,2.22,16602.0,EIRE
536846,21730,GLASS STAR FROSTED T-LIGHT HOLDER,11,02/15/2011 16:06,4.18,13764.0,France
537200,22752,Next Day Carriage,16,08/20/2011 07:28,5.25,13883.0,United Kingdom
536628,48187,DOORMAT NEW ENGLAND,13,08/04/2011 06:07,22.84,18168.0,France
537127,85099B,JUMBO BAG RED RETROSPOT,10,09/13/2011 11:34,2.78,16137.0,United Kingdom
537242,21777,RECIPE BOX WITH METAL HEART,4,05/11/2011 14:06,13.67,17664.0,United Kingdom
C537273,48187,DOORMAT NEW ENGLAND,-6,11/19/2011 12:02,23.52,17802.0,United Kingdom
537057,85123A,WHITE HANGING HEART T-LIGHT HOLDER,7,09/25/2011 07:22,11.88,12777.0,United Kingdom
537176,84406B,CREAM CUPID HEARTS COAT HANGER,5,07/18/2011 11:29,15.34,16911.0,United Kingdom
537140,21754,HOME BUILDING BLOCK WORD,17,04/20/2011 08:47,8.31,15306.0,United Kingdom
536771,22633,HAND WARMER UNION JACK,17,08/10/2011 11:26,24.33,18107.0,United Kingdom
536407,48187,DOORMAT NEW ENGLAND,6,09/17/2011 10:39,12.36,13014.0,Germany
536858,48187,,18,11/30/2011 19:55,1.97,17387.0,United Kingdom
536425,22139,RETROSPOT TEA SET CERAMIC 11 PC,11,10/07/2011 19:21,15.76,12378.0,United Kingdom
536431,84406B,CREAM CUPID HEARTS COAT HANGER,19,05/24/2011 06:58,9.35,17630.0,United Kingdom
536673,21212,PACK OF 72 RETROSPOT CAKE CASES,10,10/02/2011 13:48,15.03,14861.0,United Kingdom
537190,71053,WHITE METAL LANTERN,15,08/06/2011 07:50,12.19,12500.0,United Kingdom
536995,84969,BOX OF 6 ASSORTED COLOUR TEASPOONS,10,10/21/2011 10:13,17.76,17610.0,United Kingdom
537033,22139,RETROSPOT TEA SET CERAMIC 11 PC,4,05/23/2011 07:40,5.21,17767.0,United Kingdom
536710,85099B,JUMBO BAG RED RETROSPOT,12,09/21/2011 07:44,4.92,17911.0,United Kingdom
536654,84406B,CREAM CUPID HEARTS COAT HANGER,13,04/21/2011 11:05,23.2,12635.0,United Kingdom
536834,22632,,9,05/27/2011 16:11,4.67,14115.0,United Kingdom
537135,20725,LUNCH BAG RED RETROSPOT,12,08/08/2011 09:24,12.09,14043.0,United Kingdom
537274,84406B,CREAM CUPID HEARTS COAT HANGER,16,11/25/2011 10:06,12.14,17802.0,United Kingdom
536743,21755,LOVE BUILDING BLOCK WORD,2,06/14/2011 13:12,9.46,15554.0,Germany
536578,84029G,KNITTED UNION FLAG HOT WATER BOTTLE,13,12/08/2011 07:22,11.15,13298.0,United Kingdom
537250,22749,FELTCRAFT PRINCESS CHARLOTTE DOLL,9,02/03/2011 07:58,21.37,17224.0,Spain
536594,85099B,JUMBO BAG RED RETROSPOT,3,08/31/2011 16:53,8.65,12302.0,United Kingdom
536538,21755,LOVE BUILDING BLOCK WORD,5,07/20/2011 12:27,5.0,13899.0,United Kingdom
536455,23298,SPOTTY BUNTING,5,07/01/2011 14:50,23.87,18304.0,Germany
537193,21755,LOVE BUILDING BLOCK WORD,1,12/04/2011 13:21,5.83,12500.0,United Kingdom
537267,22749,FELTCRAFT PRINCESS CHARLOTTE DOLL,10,02/23/2011 16:20,8.26,17802.0,United Kingdom
536894,84969,BOX OF 6 ASSORTED COLOUR TEASPOONS,8,05/24/2011 18:45,24.41,17214.0,United Kingdom
536683,71053,WHITE METAL LANTERN,13,10/17/2011 18:06,9.19,12793.0,United Kingdom
536659,22748,poppy's playhouse kitchen,16,03/30/2011 17:14,8.1,16448.0,United Kingdom
536487,22961,JAM MAKING SET WITH JARS,18,10/29/2011 15:07,23.41,13978.0,France
536401,84969,BOX OF 6 ASSORTED COLOUR TEASPOONS,9,06/03/2011 09:31,11.09,13014.0,Germany
537169,22752,SET 7 BABUSHKA NESTING BOXES,12,11/10/2011 16:52,17.21,14667.0,United Kingdom
537114,20726,LUNCH BAG WOODLAND,1,05/22/2011 08:56,4.5,12204.0,United Kingdom
537173,21755,LOVE BUILDING BLOCK WORD,2,05/20/2011 17:55,3.4,16911.0,United Kingdom
536875,23299,FOOD COVER WITH BEADS SET 2,4,10/27/2011 17:32,17.42,13826.0,United Kingdom
536884,48187,DOORMAT NEW ENGLAND,6,06/06/2011 10:26,1.09,15528.0,EIRE
536645,22745,POPPY'S PLAYHOUSE BEDROOM,9,07/22/2011 06:15,23.0,17255.0,United Kingdom
536389,84879,ASSORTED COLOUR BIRD ORNAMENT,8,03/16/2011 19:26,21.59,15891.0,United Kingdom
536611,85123A,WHITE HANGING HEART T-LIGHT HOLDER,17,08/17/2011 13:02,19.21,13108.0,United Kingdom
536469,20726,LUNCH BAG WOODLAND,2,01/19/2011 13:40,7.6,13182.0,United Kingdom
536697,21755,LOVE BUILDING BLOCK WORD,13,02/14/2011 12:03,4.04,12224.0,United Kingdom
537137,23204,GYMKHANA TREASURE BOOK BOX,1,10/28/2011 17:53,6.98,14043.0,United Kingdom
536623,20725,LUNCH BAG RED RETROSPOT,4,08/15/2011 06:22,15.5,12423.0,United Kingdom
537103,22623,BOX OF VINTAGE JIGSAW BLOCKS,18,07/11/2011 10:54,7.66,12165.0,United Kingdom
536519,20726,LUNCH BAG WOODLAND,19,06/19/2011 18:25,6.37,15977.0,Germany
536479,21777,,6,01/29/2011 15:11,4.38,13978.0,France
536964,21212,PACK OF 72 RETROSPOT CAKE CASES,6,08/22/2011 06:23,23.09,17013.0,United Kingdom
536818,84029E,RED WOOLLY HOTTIE WHITE HEART,10,07/17/2011 12:22,3.22,13274.0,United Kingdom
536630,85123A,WHITE HANGING HEART T-LIGHT HOLDER,3,11/15/2011 18:34,5.58,18168.0,France
537166,22632,HAND WARMER RED POLKA DOT,13,06/11/2011 14:54,19.35,14667.0,United Kingdom
537026,85099B,JUMBO BAG RED RETROSPOT,7,02/27/2011 09:20,1.74,16144.0,United Kingdom
536855,22623,BOX OF VINTAGE JIGSAW BLOCKS,14,08/21/2011 16:44,21.03,17387.0,United Kingdom
536553,84879,ASSORTED COLOUR BIRD ORNAMENT,9,08/31/2011 14:18,2.47,14381.0,United Kingdom
536854,85123A,,13,08/12/2011 10:55,3.28,17387.0,United Kingdom
536431,84969,BOX OF 6 ASSORTED COLOUR TEASPOONS,7,05/24/2011 06:58,15.62,17630.0,United Kingdom
537246,23204,GYMKHANA TREASURE BOOK BOX,13,08/07/2011 14:55,18.0,17664.0,United Kingdom
536928,23203,JUMBO BAG DOILEY PATTERNS,2,05/02/2011 13:24,0.68,13292.0,United Kingdom
536927,22622,BOX OF VINTAGE ALPHABET BLOCKS,7,02/04/2011 07:44,12.81,13292.0,United Kingdom
536503,23203,JUMBO BAG DOILEY PATTERNS,9,07/02/2011 15:03,20.41,14808.0,United Kingdom
536590,23298,SPOTTY BUNTING,13,11/10/2011 07:12,3.74,15851.0,United Kingdom
536583,22960,JAM MAKING SET PRINTED,18,04/02/2011 15:03,10.55,15343.0,United Kingdom
536635,22623,BOX OF VINTAGE JIGSAW BLOCKS,4,06/01/2011 11:08,7.4,18277.0,United Kingdom
536522,22960,JAM MAKING SET PRINTED,2,10/10/2011 09:36,2.81,15977.0,Germany
537051,22139,RETROSPOT TEA SET CERAMIC 11 PC,8,03/06/2011 11:37,14.53,12777.0,United Kingdom
536474,22632,HAND WARMER RED POLKA DOT,17,01/16/2011 11:23,9.4,13192.0,EIRE
536571,22749,FELTCRAFT PRINCESS CHARLOTTE DOLL,17,11/30/2011 06:05,6.52,17104.0,United Kingdom
537040,71053,WHITE METAL LANTERN,19,02/27/2011 18:51,21.64,15069.0,United Kingdom
536701,22623,BOX OF VINTAGE JIGSAW BLOCKS,20,09/15/2011 17:03,23.11,12224.0,United Kingdom
536431,84969,BOX OF 6 ASSORTED COLOUR TEASPOONS,20,05/24/2011 06:58,20.05,17630.0,United Kingdom
537210,23204,GYMKHANA TREASURE BOOK BOX,5,09/21/2011 14:23,21.81,13048.0,United Kingdom
536497,20726,LUNCH BAG WOODLAND,9,08/14/2011 13:17,18.01,15411.0,United Kingdom
536945,21212,Next Day Carriage,8,01/17/2011 18:58,6.35,16595.0,United Kingdom
537102,71053,WHITE METAL LANTERN,20,06/30/2011 18:22,18.89,12165.0,United Kingdom
536836,22633,HAND WARMER UNION JACK,1,09/15/2011 15:40,18.01,14115.0,United Kingdom
537202,22745,POPPY'S PLAYHOUSE BEDROOM,6,10/20/2011 16:28,2.02,13883.0,United Kingdom
537255,22632,HAND WARMER RED POLKA DOT,11,08/12/2011 17:16,21.47,17224.0,Spain
537153,48187,DOORMAT NEW ENGLAND,6,07/13/2011 07:54,22.59,17899.0,United Kingdom
537174,20725,LUNCH BAG RED RETROSPOT,11,06/07/2011 12:01,7.71,16911.0,United Kingdom
536401,71053,WHITE METAL LANTERN,13,06/03/2011 09:31,8.65,13014.0,Germany
537216,21212,PACK OF 72 RETROSPOT CAKE CASES,1,11/30/2011 08:41,10.25,18043.0,United Kingdom
536716,22633,HAND WARMER UNION JACK,3,12/04/2011 14:08,3.21,13682.0,United Kingdom
C536618,22748,POPPY'S PLAYHOUSE KITCHEN,-5,05/04/2011 06:35,2.96,12423.0,United Kingdom
537085,85099B,JUMBO BAG RED RETROSPOT,11,10/17/2011 19:25,19.02,15210.0,United Kingdom
536813,22622,BOX OF VINTAGE ALPHABET BLOCKS,16,08/18/2011 07:07,0.0,12575.0,Netherlands
536427,84029G,KNITTED UNION FLAG HOT WATER BOTTLE,10,11/29/2011 06:20,9.2,12378.0,United Kingdom
536576,22748,POPPY'S PLAYHOUSE KITCHEN,13,10/08/2011 11:11,7.93,13298.0,United Kingdom
536533,22748,POPPY'S PLAYHOUSE KITCHEN,6,05/19/2011 07:01,16.1,13899.0,United Kingdom
536707,23299,FOOD COVER WITH BEADS SET 2,5,11/15/2011 16:14,10.95,12224.0,United Kingdom
536800,22623,BOX OF VINTAGE JIGSAW BLOCKS,1,08/01/2011 13:07,3.34,17992.0,EIRE
536380,22623,BOX OF VINTAGE JIGSAW BLOCKS,6,11/10/2011 07:59,10.37,18180.0,United Kingdom
536513,85123A,WHITE HANGING HEART T-LIGHT HOLDER,7,10/06/2011 16:35,23.36,13893.0,United Kingdom
537078,22632,HAND WARMER RED POLKA DOT,8,07/15/2011 17:31,22.33,17011.0,United Kingdom
536905,85123A,WHITE HANGING HEART T-LIGHT HOLDER,17,02/08/2011 10:37,14.78,18415.0,United Kingdom
537267,21212,PACK OF 72 RETROSPOT CAKE CASES,13,02/23/2011 16:20,11.07,17802.0,United Kingdom
536590,20725,LUNCH BAG RED RETROSPOT,7,11/10/2011 07:12,22.78,15851.0,United Kingdom
536409,22749,FELTCRAFT PRINCESS CHARLOTTE DOLL,11,02/04/2011 14:21,3.35,13014.0,United Kingdom
537110,22310,IVORY KNITTED MUG COSY,13,09/28/2011 06:06,20.76,12701.0,United Kingdom
537253,22752,SET 7 BABUSHKA NESTING BOXES,11,06/22/2011 15:36,24.89,17224.0,Spain
536434,48187,DOORMAT NEW ENGLAND,20,02/21/2011 07:43,5.84,15907.0,United Kingdom
536575,22138,BAKING SET 9 PIECE RETROSPOT,3,04/04/2011 08:58,9.57,13298.0,United Kingdom
536903,21212,PACK OF 72 RETROSPOT CAKE CASES,20,10/01/2011 07:39,0.0,12485.0,United Kingdom
536941,20725,LUNCH BAG RED RETROSPOT,7,03/04/2011 17:29,7.08,17300.0,United Kingdom
537246,21730,GLASS STAR FROSTED T-LIGHT HOLDER,19,08/07/2011 14:55,2.74,17664.0,United Kingdom
536673,85099B,JUMBO BAG RED RETROSPOT,10,10/02/2011 13:48,0.64,14861.0,United Kingdom
536516,23204,GYMKHANA TREASURE BOOK BOX,5,03/02/2011 08:58,21.05,15977.0,Germany
536583,84879,ASSORTED COLOUR BIRD ORNAMENT,4,04/02/2011 15:03,2.52,15343.0,United Kingdom
536849,22138,BAKING SET 9 PIECE RETROSPOT,20,10/26/2011 18:58,4.98,13764.0,France
537141,22748,POPPY'S PLAYHOUSE KITCHEN,5,04/23/2011 16:13,11.94,15306.0,United Kingdom
536538,20725,LUNCH BAG RED RETROSPOT,20,07/20/2011 12:27,1.73,13899.0,United Kingdom
536984,22139,,5,02/27/2011 08:20,3.11,12753.0,EIRE
537193,84406B,CREAM CUPID HEARTS COAT HANGER,5,12/04/2011 13:21,4.04,12500.0,United Kingdom
537023,23204,GYMKHANA TREASURE BOOK BOX,17,10/26/2011 08:28,11.44,16742.0,United Kingdom
537049,23299,FOOD COVER WITH BEADS SET 2,7,01/28/2011 14:04,2.94,12777.0,United Kingdom
537243,21730,GLASS STAR FROSTED T-LIGHT HOLDER,3,07/01/2011 11:56,24.84,17664.0,United Kingdom
536747,21212,PACK OF 72 RETROSPOT CAKE CASES,20,05/14/2011 09:11,0.6,13202.0,United Kingdom
536820,22961,JAM MAKING SET WITH JARS,6,08/21/2011 16:13,15.47,13274.0,United Kingdom
C537219,22139,RETROSPOT TEA SET CERAMIC 11 PC,-19,04/25/2011 07:53,20.36,17253.0,United Kingdom
536658,84029E,RED WOOLLY HOTTIE WHITE HEART,13,02/13/2011 15:30,15.93,16448.0,United Kingdom
536520,84406B,CREAM CUPID HEARTS COAT HANGER,3,08/10/2011 19:41,10.34,15977.0,Germany
536879,22745,POPPY'S PLAYHOUSE BEDROOM,1,01/19/2011 16:39,14.42,15528.0,EIRE
536591,85099B,JUMBO BAG RED RETROSPOT,19,03/30/2011 12:40,13.92,12302.0,United Kingdom
536577,22961,JAM MAKING SET WITH JARS,15,11/11/2011 17:04,0.7,13298.0,United Kingdom
536927,20726,LUNCH BAG WOODLAND,1,02/04/2011 07:44,2.21,13292.0,United Kingdom
536883,21755,LOVE BUILDING BLOCK WORD,5,05/12/2011 14:10,4.89,15528.0,EIRE
536514,85099B,JUMBO BAG RED RETROSPOT,11,10/10/2011 10:16,22.8,13893.0,United Kingdom
537183,22960,JAM MAKING SET PRINTED,7,03/15/2011 19:07,10.66,12500.0,United Kingdom
537114,23204,GYMKHANA TREASURE BOOK BOX,9,05/22/2011 08:56,19.16,12204.0,United Kingdom
536409,22622,BOX OF VINTAGE ALPHABET BLOCKS,8,02/04/2011 14:21,3.37,13014.0,United Kingdom
537153,21754,HOME BUILDING BLOCK WORD,7,07/13/2011 07:54,16.46,17899.0,United Kingdom
537232,84406B,CREAM CUPID HEARTS COAT HANGER,13,02/27/2011 18:57,15.89,16117.0,United Kingdom
536455,22749,FELTCRAFT PRINCESS CHARLOTTE DOLL,11,07/01/2011 14:50,15.23,18304.0,Germany
536846,22752,SET 7 BABUSHKA NESTING BOXES,15,02/15/2011 16:06,20.76,13764.0,France
536369,22310,IVORY KNITTED MUG COSY,9,09/11/2011 10:29,17.6,14435.0,United Kingdom
536870,22622,BOX OF VINTAGE ALPHABET BLOCKS,8,05/01/2011 17:56,20.79,13826.0,United Kingdom
537234,23203,JUMBO BAG DOILEY PATTERNS,15,07/01/2011 09:40,24.72,16117.0,United Kingdom
536390,84969,BOX OF 6 ASSORTED COLOUR TEASPOONS,8,03/30/2011 09:52,1.0,15891.0,United Kingdom
537085,84029E,RED WOOLLY HOTTIE WHITE HEART,2,10/17/2011 19:25,1.14,15210.0,United Kingdom
536918,21755,LOVE BUILDING BLOCK WORD,12,04/07/2011 19:17,19.59,17020.0,United Kingdom
536928,20726,LUNCH BAG WOODLAND,16,05/02/2011 13:24,11.71,13292.0,United Kingdom
537116,20725,LUNCH BAG RED RETROSPOT,14,06/05/2011 09:45,7.5,12204.0,United Kingdom
536751,85123A,WHITE HANGING HEART T-LIGHT HOLDER,4,02/01/2011 10:08,15.2,18302.0,United Kingdom
536808,85123A,WHITE HANGING HEART T-LIGHT HOLDER,4,01/26/2011 15:04,23.05,12575.0,Netherlands
537191,22138,BAKING SET 9 PIECE RETROSPOT,13,08/21/2011 18:02,17.96,12500.0,United Kingdom
536949,22310,IVORY KNITTED MUG COSY,6,06/19/2011 15:52,5.34,16595.0,United Kingdom
537254,22310,IVORY KNITTED MUG COSY,5,07/06/2011 09:15,0.72,,Spain
536784,21754,HOME BUILDING BLOCK WORD,2,06/14/2011 16:27,1.97,17816.0,United Kingdom
536593,22632,HAND WARMER RED POLKA DOT,6,06/08/2011 06:30,15.14,12302.0,United Kingdom
536954,23298,SPOTTY BUNTING,2,03/24/2011 19:44,3.55,16739.0,United Kingdom
536687,22752,SET 7 BABUSHKA NESTING BOXES,15,01/19/2011 06:23,20.03,15219.0,United Kingdom
536481,22622,BOX OF VINTAGE ALPHABET BLOCKS,7,06/06/2011 11:53,19.2,13978.0,France
537105,22622,BOX OF VINTAGE ALPHABET BLOCKS,6,11/09/2011 06:07,11.28,12165.0,United Kingdom
536876,22633,HAND WARMER UNION JACK,4,10/31/2011 11:58,9.47,13826.0,United Kingdom
536412,84029G,KNITTED UNION FLAG HOT WATER BOTTLE,5,06/13/2011 07:52,4.07,13014.0,United Kingdom
537152,22632,HAND WARMER RED POLKA DOT,3,06/30/2011 17:55,10.69,17899.0,United Kingdom
537266,84029E,RED WOOLLY HOTTIE WHITE HEART,11,01/17/2011 14:53,6.45,17802.0,United Kingdom
536533,21212,PACK OF 72 RETROSPOT CAKE CASES,13,05/19/2011 07:01,1.13,13899.0,United Kingdom
536640,20726,LUNCH BAG WOODLAND,2,10/12/2011 09:04,1.4,18277.0,United Kingdom
536969,20725,LUNCH BAG RED RETROSPOT,5,04/15/2011 08:05,14.55,12481.0,United Kingdom
537206,23203,JUMBO BAG DOILEY PATTERNS,2,04/24/2011 12:36,24.13,13048.0,United Kingdom
537110,84406B,CREAM CUPID HEARTS COAT HANGER,5,09/28/2011 06:06,9.75,12701.0,United Kingdom
536706,84969,BOX OF 6 ASSORTED COLOUR TEASPOONS,5,11/13/2011 10:15,8.79,12224.0,United Kingdom
536979,21755,LOVE BUILDING BLOCK WORD,9,01/29/2011 11:03,5.64,14330.0,United Kingdom
536520,22139,RETROSPOT TEA SET CERAMIC 11 PC,18,08/10/2011 19:41,12.07,15977.0,Germany
537031,22960,JAM MAKING SET PRINTED,7,08/10/2011 12:13,23.73,16144.0,United Kingdom
537230,22749,FELTCRAFT PRINCESS CHARLOTTE DOLL,5,01/20/2011 17:53,5.79,16117.0,United Kingdom
536699,22752,SET 7 BABUSHKA NESTING BOXES,4,05/13/2011 15:47,16.86,12224.0,United Kingdom
C537219,20725,LUNCH BAG RED RETROSPOT,-13,04/25/2011 07:53,5.28,17253.0,United Kingdom
536540,20726,LUNCH BAG WOODLAND,19,09/16/2011 08:49,18.6,13899.0,United Kingdom
537097,22623,BOX OF VINTAGE JIGSAW BLOCKS,10,01/30/2011 15:41,3.6,14779.0,United Kingdom
536655,22748,POPPY'S PLAYHOUSE KITCHEN,16,05/07/2011 06:49,11.17,12635.0,United Kingdom
537023,84406B,CREAM CUPID HEARTS COAT HANGER,20,10/26/2011 08:28,24.35,16742.0,United Kingdom
536846,22633,HAND WARMER UNION JACK,13,02/15/2011 16:06,9.56,13764.0,France
536584,85099B,JUMBO BAG RED RETROSPOT,19,04/30/2011 12:34,22.0,15343.0,United Kingdom
537275,84406B,CREAM CUPID HEARTS COAT HANGER,17,01/27/2011 15:49,19.19,15506.0,United Kingdom
C536415,85099B,JUMBO BAG RED RETROSPOT,-10,07/20/2011 17:38,1.22,13014.0,United Kingdom
536433,20726,LUNCH BAG WOODLAND,12,02/12/2011 19:51,16.89,15907.0,United Kingdom
536660,22623,BOX OF VINTAGE JIGSAW BLOCKS,20,04/01/2011 09:31,9.14,16448.0,United Kingdom
536831,22138,BAKING SET 9 PIECE RETROSPOT,4,03/30/2011 10:35,13.51,14115.0,United Kingdom
537274,85099C,JUMBO BAG BAROQUE BLACK WHITE,7,11/25/2011 10:06,3.53,17802.0,United Kingdom
536407,85099B,JUMBO BAG RED RETROSPOT,15,09/17/2011 10:39,11.08,13014.0,Germany
536407,21754,HOME BUILDING BLOCK WORD,11,09/17/2011 10:39,21.27,13014.0,Germany
536394,22961,JAM MAKING SET WITH JARS,20,08/07/2011 18:34,8.1,15891.0,United Kingdom
536552,48187,DOORMAT NEW ENGLAND,5,07/06/2011 15:04,9.89,14381.0,United Kingdom
536449,22745,POPPY'S PLAYHOUSE BEDROOM,20,10/18/2011 09:32,11.68,12134.0,United Kingdom
536394,21755,LOVE BUILDING BLOCK WORD,18,08/07/2011 18:34,3.54,15891.0,United Kingdom
537175,22632,HAND WARMER RED POLKA DOT,5,06/18/2011 14:06,15.91,16911.0,United Kingdom
536922,23203,JUMBO BAG DOILEY PATTERNS,13,06/03/2011 18:02,5.42,17020.0,United Kingdom
C536618,21212,PACK OF 72 RETROSPOT CAKE CASES,-19,05/04/2011 06:35,12.24,12423.0,United Kingdom
537205,22622,BOX OF VINTAGE ALPHABET BLOCKS,16,03/16/2011 09:59,23.29,13048.0,United Kingdom
536909,85123A,WHITE HANGING HEART T-LIGHT HOLDER,12,05/27/2011 08:52,0.66,18415.0,United Kingdom
536648,22632,HAND WARMER RED POLKA DOT,20,06/26/2011 16:26,13.62,13980.0,United Kingdom
536756,21755,LOVE BUILDING BLOCK WORD,9,04/12/2011 17:11,5.15,17038.0,United Kingdom
537008,22632,HAND WARMER RED POLKA DOT,4,05/15/2011 15:49,1.88,12413.0,United Kingdom
536786,84879,ASSORTED COLOUR BIRD ORNAMENT,16,10/27/2011 10:07,4.1,17816.0,United Kingdom
537002,22961,JAM MAKING SET WITH JARS,3,06/21/2011 08:40,5.37,14151.0,United Kingdom
536775,22749,FELTCRAFT PRINCESS CHARLOTTE DOLL,12,11/27/2011 13:11,0.0,18107.0,United Kingdom
536637,21730,GLASS STAR FROSTED T-LIGHT HOLDER,6,09/04/2011 13:35,16.22,18277.0,United Kingdom
536598,84029G,KNITTED UNION FLAG HOT WATER BOTTLE,5,02/06/2011 07:30,3.78,15949.0,United Kingdom
537061,21755,LOVE BUILDING BLOCK WORD,7,04/08/2011 12:12,10.28,16636.0,United Kingdom
536985,21212,PACK OF 72 RETROSPOT CAKE CASES,8,03/12/2011 13:18,15.54,12753.0,EIRE
536675,21755,LOVE BUILDING BLOCK WORD,9,10/07/2011 08:06,3.48,14861.0,United Kingdom
536676,84879,ASSORTED COLOUR BIRD ORNAMENT,1,10/21/2011 09:05,12.5,14861.0,United Kingdom
537005,21777,RECIPE BOX WITH METAL HEART,20,03/21/2011 12:09,20.43,12413.0,United Kingdom
536947,22622,BOX OF VINTAGE ALPHABET BLOCKS,10,05/14/2011 12:25,12.68,16595.0,United Kingdom
536478,22138,BAKING SET 9 PIECE RETROSPOT,15,11/23/2011 14:36,20.09,13192.0,EIRE
536666,22749,FELTCRAFT PRINCESS CHARLOTTE DOLL,19,03/11/2011 11:01,14.52,14861.0,United Kingdom
536391,23298,SPOTTY BUNTING,13,04/09/2011 10:55,17.05,15891.0,United Kingdom
536986,23203,JUMBO BAG DOILEY PATTERNS,2,04/04/2011 09:30,7.12,12753.0,EIRE
537254,22749,FELTCRAFT PRINCESS CHARLOTTE DOLL,14,07/06/2011 09:15,4.97,17224.0,Spain
536399,84029E,RED WOOLLY HOTTIE WHITE HEART,14,02/18/2011 11:20,10.4,13014.0,Germany
537130,22752,SET 7 BABUSHKA NESTING BOXES,11,01/19/2011 11:08,22.75,14043.0,United Kingdom
537162,21212,PACK OF 72 RETROSPOT CAKE CASES,9,01/11/2011 17:27,23.77,14667.0,United Kingdom
536811,22138,BAKING SET 9 PIECE RETROSPOT,6,03/31/2011 09:54,0.73,12575.0,Netherlands
536805,21212,PACK OF 72 RETROSPOT CAKE CASES,4,11/13/2011 14:48,2.32,17992.0,EIRE
536786,22310,IVORY KNITTED MUG COSY,17,10/27/2011 10:07,23.73,17816.0,United Kingdom
536833,21730,GLASS STAR FROSTED T-LIGHT HOLDER,6,05/16/2011 13:47,17.52,14115.0,United Kingdom
536803,22745,POPPY'S PLAYHOUSE BEDROOM,4,09/08/2011 18:19,5.75,17992.0,EIRE
536935,21754,HOME BUILDING BLOCK WORD,20,11/12/2011 09:29,9.45,13292.0,United Kingdom
536538,22748,POPPY'S PLAYHOUSE KITCHEN,16,07/20/2011 12:27,15.98,13899.0,United Kingdom
536900,84029G,KNITTED UNION FLAG HOT WATER BOTTLE,11,01/12/2011 09:06,13.14,12485.0,United Kingdom
536893,22960,JAM MAKING SET PRINTED,7,01/09/2011 18:17,2.62,17214.0,United Kingdom
536625,22632,HAND WARMER RED POLKA DOT,6,10/02/2011 09:18,14.72,12423.0,United Kingdom
537012,84969,BOX OF 6 ASSORTED COLOUR TEASPOONS,14,11/10/2011 17:00,23.22,14021.0,Netherlands
536537,84879,ASSORTED COLOUR BIRD ORNAMENT,17,07/18/2011 15:11,9.93,,United Kingdom
536431,85099C,JUMBO BAG BAROQUE BLACK WHITE,10,05/24/2011 06:58,19.41,17630.0,United Kingdom
536980,84406B,CREAM CUPID HEARTS COAT HANGER,15,03/21/2011 12:13,22.27,14330.0,United Kingdom
537115,22632,HAND WARMER RED POLKA DOT,2,05/26/2011 17:06,20.83,12204.0,United Kingdom
536943,22748,POPPY'S PLAYHOUSE KITCHEN,9,07/09/2011 17:27,9.73,17300.0,United Kingdom
536879,23203,JUMBO BAG DOILEY PATTERNS,11,01/19/2011 16:39,13.66,15528.0,EIRE
537241,21754,HOME BUILDING BLOCK WORD,11,05/07/2011 08:57,0.68,17664.0,United Kingdom
537109,21212,PACK OF 72 RETROSPOT CAKE CASES,10,07/10/2011 12:04,3.92,12701.0,United Kingdom
536729,84406B,CREAM CUPID HEARTS COAT HANGER,7,04/21/2011 07:31,22.78,15380.0,United Kingdom
536796,21777,RECIPE BOX WITH METAL HEART,15,02/11/2011 12:23,21.82,17992.0,EIRE
536804,22138,BAKING SET 9 PIECE RETROSPOT,5,10/02/2011 15:44,20.42,17992.0,EIRE
536857,21212,PACK OF 72 RETROSPOT CAKE CASES,14,11/16/2011 06:06,21.19,17387.0,United Kingdom
536815,21777,RECIPE BOX WITH METAL HEART,6,09/30/2011 13:31,12.45,12575.0,Netherlands
536461,21755,LOVE BUILDING BLOCK WORD,15,08/17/2011 08:38,6.15,17411.0,United Kingdom
537277,84029E,RED WOOLLY HOTTIE WHITE HEART,14,05/10/2011 09:21,13.1,15506.0,United Kingdom
537023,84029G,KNITTED UNION FLAG HOT WATER BOTTLE,8,10/26/2011 08:28,17.55,16742.0,United Kingdom
537043,71053,WHITE METAL LANTERN,18,07/19/2011 15:38,0.98,15069.0,United Kingdom
536991,21730,GLASS STAR FROSTED T-LIGHT HOLDER,3,11/06/2011 10:13,23.48,12753.0,EIRE
537127,22633,HAND WARMER UNION JACK,10,09/13/2011 11:34,10.69,16137.0,United Kingdom
536636,22138,BAKING SET 9 PIECE RETROSPOT,5,08/25/2011 08:36,17.06,18277.0,United Kingdom
536950,22961,JAM MAKING SET WITH JARS,1,07/15/2011 10:04,14.76,16595.0,United Kingdom
536669,23203,JUMBO BAG DOILEY PATTERNS,9,07/11/2011 10:38,22.15,14861.0,United Kingdom
536988,21212,PACK OF 72 RETROSPOT CAKE CASES,16,06/16/2011 09:21,1.92,12753.0,EIRE
536745,23203,JUMBO BAG DOILEY PATTERNS,11,10/30/2011 12:44,17.84,15554.0,Germany
536961,22310,IVORY KNITTED MUG COSY,8,11/19/2011 07:17,17.57,16739.0,United Kingdom
536560,84029E,RED WOOLLY HOTTIE WHITE HEART,15,07/29/2011 11:17,21.62,14964.0,France
536897,23299,FOOD COVER WITH BEADS SET 2,15,08/20/2011 06:27,12.55,17214.0,United Kingdom
537131,71053,WHITE METAL LANTERN,17,02/10/2011 18:10,2.93,14043.0,United Kingdom
536750,21755,LOVE BUILDING BLOCK WORD,10,11/14/2011 13:36,4.52,13202.0,United Kingdom
537164,84029G,KNITTED UNION FLAG HOT WATER BOTTLE,3,03/08/2011 09:36,7.99,14667.0,United Kingdom
536484,22745,POPPY'S PLAYHOUSE BEDROOM,11,08/23/2011 12:15,23.28,13978.0,France
536445,M,WHITE METAL LANTERN,3,02/25/2011 11:22,18.68,12134.0,United Kingdom
C536657,22749,FELTCRAFT PRINCESS CHARLOTTE DOLL,-15,08/25/2011 07:58,23.18,12635.0,United Kingdom
537032,21730,GLASS STAR FROSTED T-LIGHT HOLDER,3,11/05/2011 12:33,20.15,16144.0,United Kingdom
536824,84879,ASSORTED COLOUR BIRD ORNAMENT,7,05/23/2011 16:38,1.1,12294.0,United Kingdom
537061,84969,BOX OF 6 ASSORTED COLOUR TEASPOONS,4,04/08/2011 12:12,1.72,16636.0,United Kingdom
536640,22310,IVORY KNITTED MUG COSY,17,10/12/2011 09:04,22.64,18277.0,United Kingdom
536967,71053,WHITE METAL LANTERN,13,02/05/2011 19:44,14.03,12481.0,United Kingdom
536848,22310,IVORY KNITTED MUG COSY,6,03/06/2011 15:24,9.93,13764.0,France
536620,23204,GYMKHANA TREASURE BOOK BOX,18,06/06/2011 17:18,7.42,12423.0,United Kingdom
536593,22139,RETROSPOT TEA SET CERAMIC 11 PC,12,06/08/2011 06:30,11.66,12302.0,United Kingdom
537154,84406B,CREAM CUPID HEARTS COAT HANGER,9,01/26/2011 08:28,15.32,13620.0,United Kingdom
536436,85099C,JUMBO BAG BAROQUE BLACK WHITE,20,09/14/2011 16:06,10.41,15907.0,United Kingdom
536780,23203,JUMBO BAG DOILEY PATTERNS,6,03/29/2011 15:01,19.76,17816.0,United Kingdom
537277,20725,LUNCH BAG RED RETROSPOT,1,05/10/2011 09:21,21.75,15506.0,United Kingdom
536757,21754,HOME BUILDING BLOCK WORD,14,04/21/2011 19:13,17.37,17038.0,United Kingdom
537277,84029E,RED WOOLLY HOTTIE WHITE HEART,8,05/10/2011 09:21,15.15,15506.0,United Kingdom
536980,85099C,JUMBO BAG BAROQUE BLACK WHITE,2,03/21/2011 12:13,9.13,14330.0,United Kingdom
536563,84969,BOX OF 6 ASSORTED COLOUR TEASPOONS,3,05/09/2011 17:53,23.52,17104.0,United Kingdom
536630,22310,IVORY KNITTED MUG COSY,14,11/15/2011 18:34,20.88,18168.0,France
536502,85099C,JUMBO BAG BAROQUE BLACK WHITE,3,07/01/2011 19:33,22.42,,United Kingdom
536625,23298,SPOTTY BUNTING,4,10/02/2011 09:18,9.65,12423.0,United Kingdom
536586,23204,GYMKHANA TREASURE BOOK BOX,4,01/27/2011 14:20,10.57,15851.0,United Kingdom
536879,21777,RECIPE BOX WITH METAL HEART,18,01/19/2011 16:39,16.21,15528.0,EIRE
536979,21212,PACK OF 72 RETROSPOT CAKE CASES,16,01/29/2011 11:03,9.7,14330.0,United Kingdom
536854,22745,POPPY'S PLAYHOUSE BEDROOM,16,08/12/2011 10:55,11.68,17387.0,United Kingdom
536459,85099C,JUMBO BAG BAROQUE BLACK WHITE,7,04/19/2011 16:58,5.97,17411.0,United Kingdom
536566,22748,POPPY'S PLAYHOUSE KITCHEN,1,09/12/2011 08:05,23.73,17104.0,United Kingdom
536532,20725,LUNCH BAG RED RETROSPOT,11,04/02/2011 14:30,2.06,13899.0,United Kingdom
536678,21730,GLASS STAR FROSTED T-LIGHT HOLDER,17,04/20/2011 19:00,16.72,12793.0,United Kingdom
536998,22632,HAND WARMER RED POLKA DOT,14,08/10/2011 10:46,22.41,16051.0,United Kingdom
536847,22632,HAND WARMER RED POLKA DOT,7,03/02/2011 16:17,21.55,13764.0,France
536743,22310,IVORY KNITTED MUG COSY,11,06/14/2011 13:12,7.76,15554.0,Germany
536614,20725,LUNCH BAG RED RETROSPOT,3,10/03/2011 12:52,21.39,13108.0,United Kingdom
537106,84879,ASSORTED COLOUR BIRD ORNAMENT,20,04/01/2011 16:11,16.48,12701.0,United Kingdom
536972,M,HAND WARMER UNION JACK,18,06/16/2011 19:32,10.38,12481.0,United Kingdom
536936,22748,POPPY'S PLAYHOUSE KITCHEN,11,02/05/2011 08:21,24.36,12036.0,United Kingdom
537066,22961,JAM MAKING SET WITH JARS,15,07/24/2011 18:06,12.43,16945.0,United Kingdom
536873,23203,JUMBO BAG DOILEY PATTERNS,19,09/06/2011 19:26,14.1,13826.0,United Kingdom
536931,22310,IVORY KNITTED MUG COSY,15,08/11/2011 17:02,17.48,13292.0,United Kingdom
536562,22632,HAND WARMER RED POLKA DOT,13,03/27/2011 12:44,2.25,17104.0,United Kingdom
537162,84969,BOX OF 6 ASSORTED COLOUR TEASPOONS,17,01/11/2011 17:27,3.06,14667.0,United Kingdom
C536807,21754,HOME BUILDING BLOCK WORD,-19,01/24/2011 19:47,8.94,12575.0,Netherlands
537184,20725,LUNCH BAG RED RETROSPOT,6,04/13/2011 16:40,23.04,12500.0,United Kingdom
537005,22960,High Resolution Image,4,03/21/2011 12:09,7.06,12413.0,United Kingdom
536486,21755,LOVE BUILDING BLOCK WORD,3,10/10/2011 11:35,9.88,13978.0,France
536724,22310,IVORY KNITTED MUG COSY,20,10/27/2011 17:54,24.88,16306.0,France
536978,22749,,1,12/09/2011 17:08,17.9,12481.0,United Kingdom
536479,84029G,KNITTED UNION FLAG HOT WATER BOTTLE,4,01/29/2011 15:11,13.1,13978.0,France
537162,85099B,JUMBO BAG RED RETROSPOT,13,01/11/2011 17:27,7.77,14667.0,United Kingdom
536590,22745,POPPY'S PLAYHOUSE BEDROOM,3,11/10/2011 07:12,8.04,15851.0,United Kingdom
537141,85099B,JUMBO BAG RED RETROSPOT,1,04/23/2011 16:13,8.2,15306.0,United Kingdom
536868,84029G,KNITTED UNION FLAG HOT WATER BOTTLE,17,11/08/2011 12:49,24.23,14319.0,United Kingdom
537261,85099B,JUMBO BAG RED RETROSPOT,5,02/05/2011 12:44,21.16,13213.0,United Kingdom
537026,22748,POPPY'S PLAYHOUSE KITCHEN,3,02/27/2011 09:20,3.89,16144.0,United Kingdom
537015,84406B,CREAM CUPID HEARTS COAT HANGER,19,05/17/2011 14:12,24.57,14114.0,United Kingdom
536891,20725,LUNCH BAG RED RETROSPOT,9,09/27/2011 09:39,6.44,12916.0,United Kingdom
536803,23298,SPOTTY BUNTING,8,09/08/2011 18:19,20.78,17992.0,EIRE
C536517,85099B,JUMBO BAG RED RETROSPOT,-16,03/02/2011 13:23,0.81,15977.0,Germany
536424,84406B,CREAM CUPID HEARTS COAT HANGER,5,08/27/2011 08:31,12.72,12378.0,United Kingdom
536609,85099B,JUMBO BAG RED RETROSPOT,19,02/05/2011 18:26,17.03,13108.0,United Kingdom
536918,22749,FELTCRAFT PRINCESS CHARLOTTE DOLL,20,04/07/2011 19:17,24.85,17020.0,United Kingdom
536902,84029G,KNITTED UNION FLAG HOT WATER BOTTLE,18,05/30/2011 11:56,1.7,12485.0,United Kingdom
536615,22961,JAM MAKING SET WITH JARS,18,10/20/2011 14:00,19.21,13108.0,United Kingdom
537131,22623,BOX OF VINTAGE JIGSAW BLOCKS,1,02/10/2011 18:10,1.3,14043.0,United Kingdom
536721,84029E,RED WOOLLY HOTTIE WHITE HEART,10,07/10/2011 10:39,11.95,16306.0,France
536589,21777,RECIPE BOX WITH METAL HEART,10,11/09/2011 09:03,7.28,15851.0,United Kingdom
536714,21755,LOVE BUILDING BLOCK WORD,20,10/25/2011 18:52,22.92,13682.0,United Kingdom
536461,22138,BAKING SET 9 PIECE RETROSPOT,8,08/17/2011 08:38,24.16,17411.0,United Kingdom
537095,22138,BAKING SET 9 PIECE RETROSPOT,12,10/07/2011 16:47,5.16,15398.0,Germany
536758,84029G,KNITTED UNION FLAG HOT WATER BOTTLE,9,05/13/2011 10:10,23.81,17038.0,United Kingdom
C536700,20725,LUNCH BAG RED RETROSPOT,-20,05/31/2011 08:22,3.99,12224.0,United Kingdom
536628,22138,BAKING SET 9 PIECE RETROSPOT,17,08/04/2011 06:07,20.07,18168.0,France
536704,22748,POPPY'S PLAYHOUSE KITCHEN,7,10/19/2011 11:55,12.68,12224.0,United Kingdom
537024,21730,GLASS STAR FROSTED T-LIGHT HOLDER,13,01/29/2011 08:46,19.23,16144.0,United Kingdom
536555,23299,FOOD COVER WITH BEADS SET 2,17,01/23/2011 08:07,19.59,14964.0,France
536964,84879,ASSORTED COLOUR BIRD ORNAMENT,13,08/22/2011 06:23,6.42,17013.0,United Kingdom
536531,23204,GYMKHANA TREASURE BOOK BOX,3,01/07/2011 13:49,3.26,13899.0,United Kingdom
536397,22623,BOX OF VINTAGE JIGSAW BLOCKS,5,11/08/2011 12:56,16.48,15891.0,United Kingdom
536543,22632,HAND WARMER RED POLKA DOT,8,01/24/2011 19:06,4.0,14381.0,United Kingdom
536757,22748,POPPY'S PLAYHOUSE KITCHEN,4,04/21/2011 19:13,17.45,17038.0,United Kingdom
536501,23298,SPOTTY BUNTING,7,05/07/2011 06:53,14.44,14808.0,United Kingdom
537064,22748,POPPY'S PLAYHOUSE KITCHEN,9,10/26/2011 06:42,21.99,,United Kingdom
536643,22310,IVORY KNITTED MUG COSY,5,05/12/2011 08:14,5.0,17255.0,United Kingdom
536394,22633,HAND WARMER UNION JACK,10,08/07/2011 18:34,12.83,15891.0,United Kingdom
536669,20725,LUNCH BAG RED RETROSPOT,14,07/11/2011 10:38,4.52,14861.0,United Kingdom
C537224,22632,HAND WARMER RED POLKA DOT,-17,08/21/2011 17:41,4.23,17253.0,United Kingdom
536614,22623,BOX OF VINTAGE JIGSAW BLOCKS,3,10/03/2011 12:52,11.66,13108.0,United Kingdom
536777,85123A,WHITE HANGING HEART T-LIGHT HOLDER,14,01/09/2011 15:57,24.41,17816.0,United Kingdom
536854,21777,RECIPE BOX WITH METAL HEART,20,08/12/2011 10:55,20.33,17387.0,United Kingdom
536972,22623,BOX OF VINTAGE JIGSAW BLOCKS,3,06/16/2011 19:32,7.03,12481.0,United Kingdom
536431,84406B,CREAM CUPID HEARTS COAT HANGER,10,05/24/2011 06:58,19.73,17630.0,United Kingdom
536623,84969,BOX OF 6 ASSORTED COLOUR TEASPOONS,18,08/15/2011 06:22,9.94,12423.0,United Kingdom
536716,22749,FELTCRAFT PRINCESS CHARLOTTE DOLL,15,12/04/2011 14:08,2.63,13682.0,United Kingdom
536621,71053,WHITE METAL LANTERN,13,07/09/2011 14:06,3.98,12423.0,United Kingdom
536762,22961,JAM MAKING SET WITH JARS,3,07/03/2011 11:43,21.01,17038.0,United Kingdom
536892,20725,LUNCH BAG RED RETROSPOT,4,01/05/2011 13:48,9.06,17214.0,United Kingdom
536835,22749,FELTCRAFT PRINCESS CHARLOTTE DOLL,3,07/21/2011 18:18,10.57,14115.0,United Kingdom
536367,84879,ASSORTED COLOUR BIRD ORNAMENT,7,03/21/2011 11:17,23.85,14435.0,United Kingdom
536434,84969,BOX OF 6 ASSORTED COLOUR TEASPOONS,16,02/21/2011 07:43,1.03,15907.0,United Kingdom
536370,22623,BOX OF VINTAGE JIGSAW BLOCKS,18,01/23/2011 12:56,13.61,18180.0,United Kingdom
536976,48187,DOORMAT NEW ENGLAND,3,09/03/2011 10:40,15.96,12481.0,United Kingdom
536925,21777,RECIPE BOX WITH METAL HEART,19,06/27/2011 16:30,5.39,17020.0,United Kingdom
537127,21212,PACK OF 72 RETROSPOT CAKE CASES,4,09/13/2011 11:34,4.73,16137.0,United Kingdom
536993,84029G,KNITTED UNION FLAG HOT WATER BOTTLE,7,03/31/2011 10:02,18.55,17610.0,United Kingdom
537018,20726,LUNCH BAG WOODLAND,3,10/10/2011 19:54,22.09,14114.0,United Kingdom
537063,22960,JAM MAKING SET PRINTED,10,09/26/2011 10:31,17.7,16636.0,United Kingdom
536588,23203,JUMBO BAG DOILEY PATTERNS,2,10/14/2011 10:24,10.11,15851.0,United Kingdom
536725,22310,IVORY KNITTED MUG COSY,1,12/01/2011 11:35,16.1,16306.0,France
536737,20726,LUNCH BAG WOODLAND,4,10/24/2011 07:59,11.57,15380.0,United Kingdom
537257,85099C,JUMBO BAG BAROQUE BLACK WHITE,19,09/17/2011 09:46,11.1,17224.0,Spain
536437,22310,IVORY KNITTED MUG COSY,20,10/23/2011 16:22,24.19,15907.0,United Kingdom
536872,22632,HAND WARMER RED POLKA DOT,13,08/30/2011 07:28,13.14,13826.0,United Kingdom
C536807,22745,POPPY'S PLAYHOUSE BEDROOM,-17,01/24/2011 19:47,19.53,12575.0,Netherlands
536992,22633,HAND WARMER UNION JACK,14,03/10/2011 11:28,2.08,17610.0,United Kingdom
536417,21212,PACK OF 72 RETROSPOT CAKE CASES,11,08/27/2011 12:17,15.2,13014.0,United Kingdom
537055,23204,GYMKHANA TREASURE BOOK BOX,15,05/10/2011 10:44,16.78,12777.0,United Kingdom
536855,22632,HAND WARMER RED POLKA DOT,1,08/21/2011 16:44,5.09,17387.0,United Kingdom
537189,84406B,CREAM CUPID HEARTS COAT HANGER,14,08/04/2011 06:47,21.65,12500.0,United Kingdom
536821,48187,DOORMAT NEW ENGLAND,7,08/24/2011 19:37,10.56,13274.0,United Kingdom
536848,22623,BOX OF VINTAGE JIGSAW BLOCKS,13,03/06/2011 15:24,2.6,13764.0,France
536509,23204,GYMKHANA TREASURE BOOK BOX,14,04/07/2011 14:14,4.07,13893.0,United Kingdom
537049,22139,RETROSPOT TEA SET CERAMIC 11 PC,10,01/28/2011 14:04,15.15,12777.0,United Kingdom
536937,84029G,KNITTED UNION FLAG HOT WATER BOTTLE,5,03/30/2011 15:05,9.59,12036.0,United Kingdom
536832,23204,GYMKHANA TREASURE BOOK BOX,2,04/26/2011 12:00,7.13,14115.0,United Kingdom
536818,21777,RECIPE BOX WITH METAL HEART,19,07/17/2011 12:22,2.5,13274.0,United Kingdom
537061,23299,FOOD COVER WITH BEADS SET 2,14,04/08/2011 12:12,3.09,16636.0,United Kingdom
536966,23298,SPOTTY BUNTING,8,12/06/2011 13:41,0.98,17013.0,United Kingdom
536643,22633,HAND WARMER UNION JACK,8,05/12/2011 08:14,10.57,17255.0,United Kingdom
536532,22960,JAM MAKING SET PRINTED,16,04/02/2011 14:30,2.81,13899.0,United Kingdom
536430,21730,GLASS STAR FROSTED T-LIGHT HOLDER,8,03/28/2011 19:30,9.76,17630.0,United Kingdom
536457,84879,ASSORTED COLOUR BIRD ORNAMENT,11,10/17/2011 18:21,2.42,18304.0,Germany
536767,22310,IVORY KNITTED MUG COSY,2,04/28/2011 09:04,14.94,18107.0,United Kingdom
536912,84029E,RED WOOLLY HOTTIE WHITE HEART,6,07/25/2011 09:58,12.87,18415.0,United Kingdom
536663,22622,BOX OF VINTAGE ALPHABET BLOCKS,6,07/05/2011 11:23,13.85,16448.0,United Kingdom
536665,22622,BOX OF VINTAGE ALPHABET BLOCKS,12,01/07/2011 14:34,9.24,14861.0,United Kingdom
536672,22632,HAND WARMER RED POLKA DOT,12,09/12/2011 14:11,7.44,14861.0,United Kingdom
536492,22960,JAM MAKING SET PRINTED,5,04/18/2011 12:52,7.53,15411.0,United Kingdom
536627,22310,IVORY KNITTED MUG COSY,11,07/25/2011 14:34,8.52,18168.0,France
536833,48187,DOORMAT NEW ENGLAND,15,05/16/2011 13:47,17.44,14115.0,United Kingdom
536520,84969,BOX OF 6 ASSORTED COLOUR TEASPOONS,7,08/10/2011 19:41,22.48,15977.0,Germany
537184,48187,DOORMAT NEW ENGLAND,17,04/13/2011 16:40,13.53,12500.0,United Kingdom
537135,22138,BAKING SET 9 PIECE RETROSPOT,18,08/08/2011 09:24,17.91,14043.0,United Kingdom
537229,85123A,WHITE HANGING HEART T-LIGHT HOLDER,10,01/09/2011 13:26,12.08,16117.0,United Kingdom
536794,21754,HOME BUILDING BLOCK WORD,7,01/12/2011 07:20,0.97,17992.0,EIRE
536970,84879,ASSORTED COLOUR BIRD ORNAMENT,10,04/24/2011 11:38,21.38,12481.0,United Kingdom
537257,84969,BOX OF 6 ASSORTED COLOUR TEASPOONS,15,09/17/2011 09:46,7.01,17224.0,Spain
536943,22139,RETROSPOT TEA SET CERAMIC 11 PC,14,07/09/2011 17:27,21.33,17300.0,United Kingdom
537063,21777,RECIPE BOX WITH METAL HEART,8,09/26/2011 10:31,4.59,16636.0,United Kingdom
537079,85099B,JUMBO BAG RED RETROSPOT,1,08/05/2011 09:06,20.81,17011.0,United Kingdom
C537052,23204,GYMKHANA TREASURE BOOK BOX,-10,04/23/2011 07:53,7.14,12777.0,United Kingdom
536958,21777,RECIPE BOX WITH METAL HEART,2,09/12/2011 07:36,14.86,16739.0,United Kingdom
537239,23204,GYMKHANA TREASURE BOOK BOX,5,03/01/2011 06:48,3.94,17664.0,United Kingdom
536387,22632,HAND WARMER RED POLKA DOT,9,01/21/2011 06:21,4.38,15891.0,United Kingdom
536808,23299,FOOD COVER WITH BEADS SET 2,7,01/26/2011 15:04,17.94,12575.0,Netherlands
536588,85099C,JUMBO BAG BAROQUE BLACK WHITE,19,10/14/2011 10:24,15.33,15851.0,United Kingdom
536368,84029E,RED WOOLLY HOTTIE WHITE HEART,2,04/07/2011 07:35,16.61,14435.0,United Kingdom
536940,84029G,KNITTED UNION FLAG HOT WATER BOTTLE,5,08/06/2011 11:21,23.39,12036.0,United Kingdom
536982,22748,POPPY'S PLAYHOUSE KITCHEN,18,08/21/2011 13:25,20.29,14330.0,United Kingdom
536616,22745,POPPY'S PLAYHOUSE BEDROOM,16,01/05/2011 06:57,3.86,12423.0,United Kingdom
536771,85123A,WHITE HANGING HEART T-LIGHT HOLDER,18,08/10/2011 11:26,6.19,18107.0,United Kingdom
537121,84406B,CREAM CUPID HEARTS COAT HANGER,18,09/24/2011 14:53,13.59,12204.0,United Kingdom
C536415,20726,LUNCH BAG WOODLAND,-3,07/20/2011 17:38,17.25,13014.0,United Kingdom
536636,22745,POPPY'S PLAYHOUSE BEDROOM,1,08/25/2011 08:36,8.09,18277.0,United Kingdom
537065,84406B,CREAM CUPID HEARTS COAT HANGER,1,07/21/2011 13:07,14.31,16945.0,United Kingdom
537087,71053,WHITE METAL LANTERN,4,02/28/2011 07:37,5.4,15398.0,Germany
536711,85123A,WHITE HANGING HEART T-LIGHT HOLDER,9,10/30/2011 06:26,23.68,17911.0,United Kingdom
536834,22749,FELTCRAFT PRINCESS CHARLOTTE DOLL,10,05/27/2011 16:11,8.1,14115.0,United Kingdom
536982,22138,BAKING SET 9 PIECE RETROSPOT,10,08/21/2011 13:25,9.34,14330.0,United Kingdom
537155,22752,SET 7 BABUSHKA NESTING BOXES,4,05/21/2011 08:40,22.89,13620.0,United Kingdom
537086,M,RED WOOLLY HOTTIE WHITE HEART,15,12/03/2011 18:26,19.11,15210.0,United Kingdom
536548,21212,PACK OF 72 RETROSPOT CAKE CASES,5,04/09/2011 13:00,12.11,14381.0,United Kingdom
537178,22752,SET 7 BABUSHKA NESTING BOXES,14,11/26/2011 12:01,24.05,16911.0,United Kingdom
536869,22310,IVORY KNITTED MUG COSY,18,04/20/2011 13:41,15.7,13826.0,United Kingdom
537061,84029G,KNITTED UNION FLAG HOT WATER BOTTLE,8,04/08/2011 12:12,23.9,16636.0,United Kingdom
537113,23204,GYMKHANA TREASURE BOOK BOX,14,02/15/2011 18:18,12.78,12204.0,United Kingdom
536409,22748,POPPY'S PLAYHOUSE KITCHEN,7,02/04/2011 14:21,5.72,13014.0,United Kingdom
537093,23204,GYMKHANA TREASURE BOOK BOX,20,06/01/2011 11:04,18.52,15398.0,Germany
536773,71053,WHITE METAL LANTERN,16,09/30/2011 08:10,13.02,18107.0,United Kingdom
536947,POST,SET 7 BABUSHKA NESTING BOXES,17,05/14/2011 12:25,22.7,16595.0,United Kingdom
536889,22745,POPPY'S PLAYHOUSE BEDROOM,1,04/17/2011 08:50,1.89,12916.0,United Kingdom
537070,22633,HAND WARMER UNION JACK,2,06/22/2011 06:29,12.38,15648.0,United Kingdom
537103,21754,HOME BUILDING BLOCK WORD,9,07/11/2011 10:54,2.51,12165.0,United Kingdom
537012,23298,SPOTTY BUNTING,6,11/10/2011 17:00,0.69,14021.0,Netherlands
537225,22310,IVORY KNITTED MUG COSY,10,09/22/2011 06:38,9.52,17253.0,United Kingdom
536934,22748,POPPY'S PLAYHOUSE KITCHEN,1,10/17/2011 08:46,10.26,13292.0,United Kingdom
536692,48187,DOORMAT NEW ENGLAND,12,04/10/2011 14:38,10.51,15219.0,United Kingdom
536638,21755,LOVE BUILDING BLOCK WORD,5,09/12/2011 07:46,11.8,18277.0,United Kingdom
536521,84406B,CREAM CUPID HEARTS COAT HANGER,3,10/01/2011 13:17,17.17,15977.0,Germany
537000,21212,PACK OF 72 RETROSPOT CAKE CASES,8,03/05/2011 08:41,11.56,14151.0,United Kingdom
536614,20725,LUNCH BAG RED RETROSPOT,11,10/03/2011 12:52,3.33,13108.0,United Kingdom
536729,22623,BOX OF VINTAGE JIGSAW BLOCKS,12,04/21/2011 07:31,11.48,15380.0,United Kingdom
536947,22139,RETROSPOT TEA SET CERAMIC 11 PC,19,05/14/2011 12:25,7.96,16595.0,United Kingdom
536439,22632,HAND WARMER RED POLKA DOT,14,11/28/2011 15:20,13.3,15907.0,United Kingdom
536930,85123A,WHITE HANGING HEART T-LIGHT HOLDER,9,06/10/2011 16:48,4.18,13292.0,United Kingdom
536438,84879,ASSORTED COLOUR BIRD ORNAMENT,5,11/27/2011 09:37,13.64,15907.0,United Kingdom
536615,20726,LUNCH BAG WOODLAND,11,10/20/2011 14:00,9.31,13108.0,United Kingdom
537005,84879,ASSORTED COLOUR BIRD ORNAMENT,5,03/21/2011 12:09,8.26,12413.0,United Kingdom
536992,23298,SPOTTY BUNTING,1,03/10/2011 11:28,4.51,17610.0,United Kingdom
537279,71053,WHITE METAL LANTERN,16,08/27/2011 18:40,23.36,15506.0,United Kingdom
537188,22961,JAM MAKING SET WITH JARS,6,07/13/2011 18:11,6.41,12500.0,United Kingdom
536604,84029G,KNITTED UNION FLAG HOT WATER BOTTLE,4,05/04/2011 15:03,16.42,15949.0,United Kingdom
536957,22633,HAND WARMER UNION JACK,10,08/22/2011 07:41,2.57,16739.0,United Kingdom
537053,22632,HAND WARMER RED POLKA DOT,4,05/03/2011 07:53,24.74,12777.0,United Kingdom
536495,85099C,JUMBO BAG BAROQUE BLACK WHITE,6,07/25/2011 19:25,23.35,15411.0,United Kingdom
536830,84406B,CREAM CUPID HEARTS COAT HANGER,2,03/26/2011 11:30,17.33,14115.0,United Kingdom
536923,22748,POPPY'S PLAYHOUSE KITCHEN,2,06/06/2011 16:57,20.65,17020.0,United Kingdom
536378,21212,PACK OF 72 RETROSPOT CAKE CASES,12,10/04/2011 06:14,10.79,18180.0,United Kingdom
536411,85099C,JUMBO BAG BAROQUE BLACK WHITE,4,04/18/2011 17:08,21.78,13014.0,United Kingdom
537230,22752,SET 7 BABUSHKA NESTING BOXES,4,01/20/2011 17:53,17.98,16117.0,United Kingdom
537147,20725,LUNCH BAG RED RETROSPOT,14,12/07/2011 14:51,16.7,15306.0,United Kingdom
537118,85099C,JUMBO BAG BAROQUE BLACK WHITE,11,07/16/2011 12:20,1.6,12204.0,United Kingdom
536444,71053,WHITE METAL LANTERN,20,02/12/2011 18:27,23.16,12134.0,United Kingdom
537275,84879,ASSORTED COLOUR BIRD ORNAMENT,11,01/27/2011 15:49,21.46,15506.0,United Kingdom
536919,D,LUNCH BAG WOODLAND,15,04/28/2011 13:14,8.76,17020.0,United Kingdom
536524,21212,PACK OF 72 RETROSPOT CAKE CASES,15,01/06/2011 18:17,14.05,12907.0,United Kingdom
536597,85099B,JUMBO BAG RED RETROSPOT,2,02/03/2011 12:50,21.63,15949.0,United Kingdom
536614,85099C,JUMBO BAG BAROQUE BLACK WHITE,1,10/03/2011 12:52,2.93,13108.0,United Kingdom
536710,22139,RETROSPOT TEA SET CERAMIC 11 PC,16,09/21/2011 07:44,12.02,17911.0,United Kingdom
536881,20725,LUNCH BAG RED RETROSPOT,3,04/19/2011 06:07,20.17,15528.0,EIRE
536849,85099C,JUMBO BAG BAROQUE BLACK WHITE,15,10/26/2011 18:58,22.09,13764.0,France
536969,22633,HAND WARMER UNION JACK,17,04/15/2011 08:05,7.73,12481.0,United Kingdom
536853,22622,BOX OF VINTAGE ALPHABET BLOCKS,11,08/12/2011 11:37,24.09,17387.0,United Kingdom
536619,48187,DOORMAT NEW ENGLAND,18,05/07/2011 13:51,15.91,12423.0,United Kingdom
536665,21730,High Resolution Image,15,01/07/2011 14:34,18.65,14861.0,United Kingdom
536698,22632,HAND WARMER RED POLKA DOT,5,04/27/2011 15:47,12.19,12224.0,United Kingdom
537010,21730,GLASS STAR FROSTED T-LIGHT HOLDER,19,04/14/2011 11:03,2.23,14021.0,Netherlands
536885,22623,BOX OF VINTAGE JIGSAW BLOCKS,16,06/16/2011 07:20,12.87,15528.0,EIRE
536889,20725,LUNCH BAG RED RETROSPOT,2,04/17/2011 08:50,0.44,12916.0,United Kingdom
537075,22632,HAND WARMER RED POLKA DOT,20,04/16/2011 07:48,22.62,17011.0,United Kingdom
536841,22632,HAND WARMER RED POLKA DOT,16,06/08/2011 08:16,21.76,14526.0,United Kingdom
536391,22961,JAM MAKING SET WITH JARS,1,04/09/2011 10:55,3.24,15891.0,United Kingdom
536493,85099B,JUMBO BAG RED RETROSPOT,4,06/16/2011 17:17,17.1,15411.0,United Kingdom
537004,22748,POPPY'S PLAYHOUSE KITCHEN,14,01/04/2011 12:43,13.41,12413.0,United Kingdom
537162,22622,BOX OF VINTAGE ALPHABET BLOCKS,12,01/11/2011 17:27,15.13,14667.0,United Kingdom
537033,84406B,CREAM CUPID HEARTS COAT HANGER,10,05/23/2011 07:40,21.27,17767.0,United Kingdom
536430,23203,JUMBO BAG DOILEY PATTERNS,9,03/28/2011 19:30,0.62,17630.0,United Kingdom
537107,22622,BOX OF VINTAGE ALPHABET BLOCKS,9,04/02/2011 19:28,0.81,12701.0,United Kingdom
537074,23204,GYMKHANA TREASURE BOOK BOX,15,02/02/2011 07:08,1.1,17011.0,United Kingdom
537272,21754,HOME BUILDING BLOCK WORD,14,10/29/2011 09:56,17.32,17802.0,United Kingdom
537110,23298,SPOTTY BUNTING,19,09/28/2011 06:06,17.87,12701.0,United Kingdom
537060,22752,SET 7 BABUSHKA NESTING BOXES,12,03/09/2011 13:22,10.98,16636.0,United Kingdom
536847,85123A,WHITE HANGING HEART T-LIGHT HOLDER,11,03/02/2011 16:17,24.16,13764.0,France
536417,23298,SPOTTY BUNTING,18,08/27/2011 12:17,12.51,13014.0,United Kingdom
536634,84029E,RED WOOLLY HOTTIE WHITE HEART,10,01/29/2011 08:10,16.86,18277.0,United Kingdom
536637,22632,HAND WARMER RED POLKA DOT,18,09/04/2011 13:35,0.0,18277.0,United Kingdom
536825,22632,HAND WARMER RED POLKA DOT,1,09/14/2011 16:57,6.75,12294.0,United Kingdom
536743,23298,SPOTTY BUNTING,13,06/14/2011 13:12,21.17,15554.0,Germany
536773,48187,DOORMAT NEW ENGLAND,14,09/30/2011 08:10,5.29,18107.0,United Kingdom
536379,21212,PACK OF 72 RETROSPOT CAKE CASES,6,10/10/2011 06:43,7.24,18180.0,United Kingdom
537259,22632,HAND WARMER RED POLKA DOT,13,10/04/2011 10:36,5.69,17224.0,Spain
537243,21754,HOME BUILDING BLOCK WORD,2,07/01/2011 11:56,9.76,17664.0,United Kingdom
537090,22961,JAM MAKING SET WITH JARS,1,03/31/2011 06:38,5.9,15398.0,Germany
536712,22139,RETROSPOT TEA SET CERAMIC 11 PC,11,04/24/2011 12:25,10.07,13682.0,United Kingdom
536498,22623,BOX OF VINTAGE JIGSAW BLOCKS,15,10/27/2011 07:11,18.87,15411.0,United Kingdom
537275,22749,FELTCRAFT PRINCESS CHARLOTTE DOLL,7,01/27/2011 15:49,18.17,15506.0,United Kingdom
537081,20726,LUNCH BAG WOODLAND,14,07/08/2011 18:06,20.33,15210.0,United Kingdom
C536908,85099B,JUMBO BAG RED RETROSPOT,-11,04/01/2011 17:14,20.18,18415.0,United Kingdom
536397,84969,BOX OF 6 ASSORTED COLOUR TEASPOONS,6,11/08/2011 12:56,20.1,15891.0,United Kingdom
536488,21777,RECIPE BOX WITH METAL HEART,19,11/30/2011 08:20,8.65,13978.0,France
536922,22632,HAND WARMER RED POLKA DOT,5,06/03/2011 18:02,24.34,17020.0,United Kingdom
536543,48187,DOORMAT NEW ENGLAND,8,01/24/2011 19:06,19.06,14381.0,United Kingdom
537244,21754,HOME BUILDING BLOCK WORD,9,07/03/2011 12:26,22.57,17664.0,United Kingdom
536859,22745,POPPY'S PLAYHOUSE BEDROOM,20,02/17/2011 19:43,5.49,14319.0,United Kingdom
536564,22310,IVORY KNITTED MUG COSY,15,07/08/2011 14:22,7.97,17104.0,United Kingdom
536995,23299,FOOD COVER WITH BEADS SET 2,9,10/21/2011 10:13,7.85,17610.0,United Kingdom
536891,23298,SPOTTY BUNTING,11,09/27/2011 09:39,22.06,12916.0,United Kingdom
537019,84029E,RED WOOLLY HOTTIE WHITE HEART,5,12/01/2011 18:21,14.3,14114.0,United Kingdom
536375,23299,FOOD COVER WITH BEADS SET 2,1,07/15/2011 14:38,15.08,18180.0,United Kingdom
536413,20725,LUNCH BAG RED RETROSPOT,10,06/19/2011 09:49,21.48,13014.0,United Kingdom
536638,84029E,RED WOOLLY HOTTIE WHITE HEART,1,09/12/2011 07:46,21.22,18277.0,United Kingdom
536972,22745,POPPY'S PLAYHOUSE BEDROOM,14,06/16/2011 19:32,20.53,12481.0,United Kingdom
C536421,22633,HAND WARMER UNION JACK,-15,04/24/2011 07:14,23.6,12378.0,United Kingdom
536502,20725,LUNCH BAG RED RETROSPOT,4,07/01/2011 19:33,17.07,14808.0,United Kingdom
536941,21777,RECIPE BOX WITH METAL HEART,6,03/04/2011 17:29,18.09,17300.0,United Kingdom
536543,23203,JUMBO BAG DOILEY PATTERNS,16,01/24/2011 19:06,3.9,14381.0,United Kingdom
537229,22622,BOX OF VINTAGE ALPHABET BLOCKS,5,01/09/2011 13:26,8.32,16117.0,United Kingdom
536378,23204,GYMKHANA TREASURE BOOK BOX,7,10/04/2011 06:14,2.73,18180.0,United Kingdom
537141,22961,JAM MAKING SET WITH JARS,5,04/23/2011 16:13,4.44,15306.0,United Kingdom
536469,48187,DOORMAT NEW ENGLAND,10,01/19/2011 13:40,13.04,13182.0,United Kingdom
536551,23298,SPOTTY BUNTING,7,05/03/2011 09:33,18.73,14381.0,United Kingdom
536522,22632,HAND WARMER RED POLKA DOT,3,10/10/2011 09:36,12.68,15977.0,Germany
537184,23203,JUMBO BAG DOILEY PATTERNS,8,04/13/2011 16:40,21.45,12500.0,United Kingdom
536491,21754,HOME BUILDING BLOCK WORD,10,04/04/2011 18:18,3.4,15411.0,United Kingdom
536913,23203,JUMBO BAG DOILEY PATTERNS,19,08/08/2011 18:32,16.33,18415.0,United Kingdom
536681,85099B,JUMBO BAG RED RETROSPOT,20,09/29/2011 06:37,4.21,12793.0,United Kingdom
536377,84969,BOX OF 6 ASSORTED COLOUR TEASPOONS,19,09/22/2011 13:57,5.81,18180.0,United Kingdom
537063,21755,LOVE BUILDING BLOCK WORD,1,09/26/2011 10:31,2.73,16636.0,United Kingdom
536632,84029E,RED WOOLLY HOTTIE WHITE HEART,19,01/17/2011 17:39,1.53,18277.0,United Kingdom
537235,21212,PACK OF 72 RETROSPOT CAKE CASES,1,07/26/2011 11:21,24.04,16117.0,United Kingdom
536867,D,WHITE HANGING HEART T-LIGHT HOLDER,17,10/17/2011 13:09,23.52,14319.0,United Kingdom
536784,84029E,RED WOOLLY HOTTIE WHITE HEART,7,06/14/2011 16:27,22.25,17816.0,United Kingdom
537069,85123A,WHITE HANGING HEART T-LIGHT HOLDER,16,03/28/2011 18:50,23.12,15648.0,United Kingdom
536881,85099C,JUMBO BAG BAROQUE BLACK WHITE,1,04/19/2011 06:07,8.74,15528.0,EIRE
537014,22139,RETROSPOT TEA SET CERAMIC 11 PC,6,01/30/2011 16:25,1.76,14114.0,United Kingdom
536885,84879,ASSORTED COLOUR BIRD ORNAMENT,14,06/16/2011 07:20,22.28,15528.0,EIRE
536954,22633,HAND WARMER UNION JACK,16,03/24/2011 19:44,16.64,16739.0,United Kingdom
536591,22960,JAM MAKING SET PRINTED,6,03/30/2011 12:40,20.93,12302.0,United Kingdom
536914,22745,POPPY'S PLAYHOUSE BEDROOM,12,09/07/2011 12:13,6.65,18415.0,United Kingdom
536946,20726,LUNCH BAG WOODLAND,5,03/11/2011 16:45,6.64,16595.0,United Kingdom
536449,23203,JUMBO BAG DOILEY PATTERNS,1,10/18/2011 09:32,24.07,12134.0,United Kingdom
536441,23299,FOOD COVER WITH BEADS SET 2,10,06/14/2011 15:40,11.53,16602.0,EIRE
536540,22633,HAND WARMER UNION JACK,9,09/16/2011 08:49,19.39,13899.0,United Kingdom
536545,21755,LOVE BUILDING BLOCK WORD,11,03/15/2011 06:55,13.82,14381.0,United Kingdom
536537,22632,HAND WARMER RED POLKA DOT,11,07/18/2011 15:11,3.31,13899.0,United Kingdom
536891,48187,DOORMAT NEW ENGLAND,11,09/27/2011 09:39,5.58,12916.0,United Kingdom
536596,84406B,CREAM CUPID HEARTS COAT HANGER,19,11/11/2011 12:24,17.75,12302.0,United Kingdom
536475,22622,BOX OF VINTAGE ALPHABET BLOCKS,9,02/21/2011 14:07,17.65,13192.0,EIRE
536973,21730,GLASS STAR FROSTED T-LIGHT HOLDER,4,07/24/2011 06:06,4.72,12481.0,United Kingdom
536463,84879,ASSORTED COLOUR BIRD ORNAMENT,14,02/20/2011 19:07,2.67,13380.0,United Kingdom
537088,23299,FOOD COVER WITH BEADS SET 2,16,03/13/2011 19:04,5.07,15398.0,Germany
536580,21730,GLASS STAR FROSTED T-LIGHT HOLDER,2,01/29/2011 12:10,10.04,15343.0,United Kingdom
536379,22961,JAM MAKING SET WITH JARS,4,10/10/2011 06:43,6.51,18180.0,United Kingdom
536926,22745,POPPY'S PLAYHOUSE BEDROOM,9,01/17/2011 09:11,22.02,13292.0,United Kingdom
536999,23203,JUMBO BAG DOILEY PATTERNS,5,10/10/2011 07:46,11.34,16051.0,United Kingdom
536832,23203,JUMBO BAG DOILEY PATTERNS,9,04/26/2011 12:00,7.79,14115.0,United Kingdom
536952,22623,BOX OF VINTAGE JIGSAW BLOCKS,12,08/09/2011 11:52,16.7,,United Kingdom
536478,22632,HAND WARMER RED POLKA DOT,20,11/23/2011 14:36,22.07,13192.0,EIRE
536667,84879,ASSORTED COLOUR BIRD ORNAMENT,6,05/27/2011 18:47,16.1,14861.0,United Kingdom
536680,21754,HOME BUILDING BLOCK WORD,19,06/10/2011 07:15,3.35,12793.0,United Kingdom
536767,22632,HAND WARMER RED POLKA DOT,11,04/28/2011 09:04,20.9,18107.0,United Kingdom
536603,71053,WHITE METAL LANTERN,19,04/28/2011 06:14,12.77,15949.0,United Kingdom
536934,21730,GLASS STAR FROSTED T-LIGHT HOLDER,11,10/17/2011 08:46,8.32,13292.0,United Kingdom
536634,22622,BOX OF VINTAGE ALPHABET BLOCKS,4,01/29/2011 08:10,5.25,18277.0,United Kingdom
536892,22138,BAKING SET 9 PIECE RETROSPOT,7,01/05/2011 13:48,11.3,17214.0,United Kingdom
537151,85099B,JUMBO BAG RED RETROSPOT,20,06/14/2011 19:45,15.9,17899.0,United Kingdom
536728,84879,ASSORTED COLOUR BIRD ORNAMENT,9,05/18/2011 14:34,21.0,14026.0,United Kingdom
536376,22632,HAND WARMER RED POLKA DOT,5,09/05/2011 19:04,16.57,18180.0,United Kingdom
536582,85099B,JUMBO BAG RED RETROSPOT,4,02/27/2011 10:05,7.97,15343.0,United Kingdom
537205,21777,RECIPE BOX WITH METAL HEART,12,03/16/2011 09:59,3.97,13048.0,United Kingdom
536652,21754,HOME BUILDING BLOCK WORD,13,02/25/2011 15:23,18.9,12635.0,United Kingdom
536497,85123A,WHITE HANGING HEART T-LIGHT HOLDER,11,08/14/2011 13:17,19.78,15411.0,United Kingdom
536707,22310,IVORY KNITTED MUG COSY,5,11/15/2011 16:14,14.64,12224.0,United Kingdom
537105,21777,RECIPE BOX WITH METAL HEART,19,11/09/2011 06:07,16.6,12165.0,United Kingdom
537076,84029G,KNITTED UNION FLAG HOT WATER BOTTLE,3,05/11/2011 16:00,1.76,17011.0,United Kingdom
536619,23298,SPOTTY BUNTING,10,05/07/2011 13:51,21.06,12423.0,United Kingdom
537041,23203,JUMBO BAG DOILEY PATTERNS,4,03/23/2011 19:13,12.44,15069.0,United Kingdom
536839,22622,BOX OF VINTAGE ALPHABET BLOCKS,3,01/07/2011 17:25,2.75,14526.0,United Kingdom
536709,21754,HOME BUILDING BLOCK WORD,5,05/24/2011 17:59,19.49,17911.0,United Kingdom
536575,48187,DOORMAT NEW ENGLAND,2,04/04/2011 08:58,0.96,13298.0,United Kingdom
536394,23204,GYMKHANA TREASURE BOOK BOX,11,08/07/2011 18:34,10.27,15891.0,United Kingdom
536688,23204,GYMKHANA TREASURE BOOK BOX,12,02/06/2011 17:56,19.86,15219.0,United Kingdom
536760,22622,BOX OF VINTAGE ALPHABET BLOCKS,15,05/31/2011 07:36,0.88,17038.0,United Kingdom
536738,84029E,RED WOOLLY HOTTIE WHITE HEART,10,01/14/2011 15:08,13.46,15554.0,Germany
536776,22745,POPPY'S PLAYHOUSE BEDROOM,20,11/28/2011 10:38,22.59,18107.0,United Kingdom
537170,22633,HAND WARMER UNION JACK,20,01/08/2011 12:16,20.18,16911.0,United Kingdom
537152,22633,HAND WARMER UNION JACK,2,06/30/2011 17:55,11.27,17899.0,United Kingdom
537019,22138,BAKING SET 9 PIECE RETROSPOT,20,12/01/2011 18:21,0.0,14114.0,United Kingdom
536816,22139,RETROSPOT TEA SET CERAMIC 11 PC,20,02/10/2011 14:03,16.98,13274.0,United Kingdom
536575,22745,POPPY'S PLAYHOUSE BEDROOM,14,04/04/2011 08:58,19.8,13298.0,United Kingdom
537111,23299,FOOD COVER WITH BEADS SET 2,2,11/04/2011 14:36,15.28,12701.0,United Kingdom
537056,85099B,JUMBO BAG RED RETROSPOT,8,08/15/2011 15:30,2.67,12777.0,United Kingdom
536749,22752,SET 7 BABUSHKA NESTING BOXES,8,10/16/2011 07:09,11.99,13202.0,United Kingdom
536921,85099C,JUMBO BAG BAROQUE BLACK WHITE,12,05/31/2011 17:00,8.74,17020.0,United Kingdom
537053,22749,FELTCRAFT PRINCESS CHARLOTTE DOLL,12,05/03/2011 07:53,20.4,12777.0,United Kingdom
536850,23299,FOOD COVER WITH BEADS SET 2,14,02/04/2011 12:05,7.65,17387.0,United Kingdom
536436,22623,BOX OF VINTAGE JIGSAW BLOCKS,12,09/14/2011 16:06,2.85,15907.0,United Kingdom
536623,84029G,KNITTED UNION FLAG HOT WATER BOTTLE,13,08/15/2011 06:22,9.91,12423.0,United Kingdom
537260,22623,BOX OF VINTAGE JIGSAW BLOCKS,20,11/28/2011 15:20,19.36,17224.0,Spain
536702,71053,WHITE METAL LANTERN,11,09/22/2011 06:21,5.54,12224.0,United Kingdom
536683,22632,HAND WARMER RED POLKA DOT,9,10/17/2011 18:06,22.42,12793.0,United Kingdom
537080,22749,FELTCRAFT PRINCESS CHARLOTTE DOLL,16,05/21/2011 07:27,12.18,15210.0,United Kingdom
536577,22745,POPPY'S PLAYHOUSE BEDROOM,3,11/11/2011 17:04,20.53,13298.0,United Kingdom
537095,21212,PACK OF 72 RETROSPOT CAKE CASES,2,10/07/2011 16:47,6.25,15398.0,Germany
536780,21212,PACK OF 72 RETROSPOT CAKE CASES,9,03/29/2011 15:01,17.51,17816.0,United Kingdom
536999,22310,IVORY KNITTED MUG COSY,15,10/10/2011 07:46,5.82,16051.0,United Kingdom
536450,22960,JAM MAKING SET PRINTED,12,02/03/2011 07:32,18.23,18304.0,Germany
536445,85123A,WHITE HANGING HEART T-LIGHT HOLDER,6,02/25/2011 11:22,21.71,12134.0,United Kingdom
536575,21777,RECIPE BOX WITH METAL HEART,11,04/04/2011 08:58,3.76,13298.0,United Kingdom
537270,85123A,WHITE HANGING HEART T-LIGHT HOLDER,2,09/01/2011 19:27,22.99,17802.0,United Kingdom
537213,84029E,RED WOOLLY HOTTIE WHITE HEART,3,03/22/2011 18:34,14.26,18043.0,United Kingdom
536417,22752,SET 7 BABUSHKA NESTING BOXES,20,08/27/2011 12:17,1.4,13014.0,United Kingdom
536688,84029G,KNITTED UNION FLAG HOT WATER BOTTLE,20,02/06/2011 17:56,6.93,15219.0,United Kingdom
536740,23203,JUMBO BAG DOILEY PATTERNS,3,05/03/2011 09:11,15.07,15554.0,Germany
537254,84969,BOX OF 6 ASSORTED COLOUR TEASPOONS,15,07/06/2011 09:15,16.28,17224.0,Spain
537243,22622,BOX OF VINTAGE ALPHABET BLOCKS,4,07/01/2011 11:56,15.77,17664.0,United Kingdom
537010,85123A,WHITE HANGING HEART T-LIGHT HOLDER,19,04/14/2011 11:03,20.76,14021.0,Netherlands
537178,22749,FELTCRAFT PRINCESS CHARLOTTE DOLL,19,11/26/2011 12:01,6.81,16911.0,United Kingdom
536665,22622,BOX OF VINTAGE ALPHABET BLOCKS,16,01/07/2011 14:34,20.96,14861.0,United Kingdom
537211,21755,LOVE BUILDING BLOCK WORD,1,11/15/2011 09:35,3.86,13048.0,United Kingdom
536474,48187,DOORMAT NEW ENGLAND,9,01/16/2011 11:23,6.53,13192.0,EIRE
C536911,21212,PACK OF 72 RETROSPOT CAKE CASES,-3,07/17/2011 08:24,3.32,18415.0,United Kingdom
536772,22745,POPPY'S PLAYHOUSE BEDROOM,2,09/06/2011 16:13,1.74,18107.0,United Kingdom
536664,22138,BAKING SET 9 PIECE RETROSPOT,6,09/30/2011 15:21,12.63,16448.0,United Kingdom
536940,22139,RETROSPOT TEA SET CERAMIC 11 PC,17,08/06/2011 11:21,8.29,12036.0,United Kingdom
536612,84029G,KNITTED UNION FLAG HOT WATER BOTTLE,1,09/12/2011 16:43,16.17,13108.0,United Kingdom
537148,21212,PACK OF 72 RETROSPOT CAKE CASES,18,04/20/2011 19:13,11.23,17899.0,United Kingdom
537097,84029E,RED WOOLLY HOTTIE WHITE HEART,3,01/30/2011 15:41,6.54,14779.0,United Kingdom
536468,22139,RETROSPOT TEA SET CERAMIC 11 PC,12,10/28/2011 06:40,6.63,13380.0,United Kingdom
536462,20725,LUNCH BAG RED RETROSPOT,15,11/11/2011 11:43,19.26,17411.0,United Kingdom
537092,22749,FELTCRAFT PRINCESS CHARLOTTE DOLL,11,05/12/2011 07:37,22.16,15398.0,Germany
536749,22752,SET 7 BABUSHKA NESTING BOXES,17,10/16/2011 07:09,22.21,13202.0,United Kingdom
536824,21777,RECIPE BOX WITH METAL HEART,15,05/23/2011 16:38,12.3,12294.0,United Kingdom
536617,22633,HAND WARMER UNION JACK,13,02/06/2011 12:06,5.7,12423.0,United Kingdom
536423,85099B,JUMBO BAG RED RETROSPOT,13,07/10/2011 13:55,9.87,12378.0,United Kingdom
536815,22139,RETROSPOT TEA SET CERAMIC 11 PC,15,09/30/2011 13:31,11.67,12575.0,Netherlands
537081,22960,JAM MAKING SET PRINTED,5,07/08/2011 18:06,11.87,15210.0,United Kingdom
536515,23204,GYMKHANA TREASURE BOOK BOX,10,11/18/2011 06:36,4.15,13893.0,United Kingdom
536702,22310,IVORY KNITTED MUG COSY,7,09/22/2011 06:21,13.8,12224.0,United Kingdom
C536415,21755,LOVE BUILDING BLOCK WORD,-10,07/20/2011 17:38,17.63,13014.0,United Kingdom
